t(yr),T_surf(K),T_pot(K),phi(vol_frac),massC_solid(kg),massC_melt(kg),massC_atm(kg),massH_solid(kg),massH_melt(kg),massH_atm(kg),massO_atm(kg),mmw(kg/mol),p_surf(bar),p_H2O(bar),p_CO2(bar),p_O2(bar),p_H2(bar),p_CH4(bar),p_CO(bar),p_N2(bar),p_NH3(bar),p_S2(bar),p_SO2(bar),p_H2S(bar),fO2_liquid(bar),fO2_solid(bar),R_trans(m),flux_surf(W/m2),flux_OLR(W/m2),flux_ASR(W/m2),thick_surf_bl(m)
0.0000000000e+00,3.3594273426e+03,3.3971873023e+03,1.0000013620e+00,0.0000000000e+00,1.2343321407e+20,4.2156678593e+20,0.0000000000e+00,2.2177865168e+20,2.2134832315e+17,1.0522025155e+21,4.0185281412e-02,3.0218174156e+02,8.5546431374e-01,2.2562807067e+02,1.9632905537e+01,2.5656701243e-02,3.6319247192e-13,5.6039644347e+01,0.0000000000e+00,0.0000000000e+00,0.0000000000e+00,0.0000000000e+00,0.0000000000e+00,1.9632905537e+01,0.0000000000e+00,6.7312365243e+06,1.0000000000e+03,5.2248078719e+05,1.4980921518e+04,1.0000000000e-02
0.0000000000e+00,3.3594273426e+03,3.3971873023e+03,1.0000013620e+00,0.0000000000e+00,1.2343321407e+20,4.2156678593e+20,0.0000000000e+00,2.2177865168e+20,2.2134832315e+17,1.0522025155e+21,4.0185281412e-02,3.0218174156e+02,8.5546431374e-01,2.2562807066e+02,1.9632905537e+01,2.5656701243e-02,3.6319247192e-13,5.6039644347e+01,0.0000000000e+00,0.0000000000e+00,0.0000000000e+00,0.0000000000e+00,0.0000000000e+00,1.9632905537e+01,0.0000000000e+00,6.7312365243e+06,5.1249360000e+05,5.2248078719e+05,1.4980921518e+04,1.0000000000e-02
0.0000000000e+00,3.3594273426e+03,3.3971873023e+03,1.0000013620e+00,0.0000000000e+00,1.2343321407e+20,4.2156678593e+20,0.0000000000e+00,2.2177865168e+20,2.2134832315e+17,1.0522025155e+21,4.0185281412e-02,3.0218174156e+02,8.5546431374e-01,2.2562807067e+02,1.9632905537e+01,2.5656701243e-02,3.6319247192e-13,5.6039644347e+01,0.0000000000e+00,0.0000000000e+00,0.0000000000e+00,0.0000000000e+00,0.0000000000e+00,1.9632905537e+01,0.0000000000e+00,6.7312365243e+06,5.1249360000e+05,5.2248078719e+05,1.4980921518e+04,1.0000000000e-02
0.0000000000e+00,3.3594273426e+03,3.3971873023e+03,1.0000013620e+00,0.0000000000e+00,1.2343321406e+20,4.2156678593e+20,0.0000000000e+00,2.2177865171e+20,2.2134832322e+17,1.0522025155e+21,4.0185281412e-02,3.0218174156e+02,8.5546431399e-01,2.2562807066e+02,1.9632905537e+01,2.5656701251e-02,3.6319247213e-13,5.6039644346e+01,0.0000000000e+00,0.0000000000e+00,0.0000000000e+00,0.0000000000e+00,0.0000000000e+00,1.9632905537e+01,0.0000000000e+00,6.7312365243e+06,5.1249360000e+05,5.2248078713e+05,1.4980921518e+04,1.0000000000e-02
1.0000000000e+00,3.3751557683e+03,3.4130230982e+03,1.0000013620e+00,0.0000000000e+00,1.2317227330e+20,4.2182772670e+20,0.0000000000e+00,2.2177825793e+20,2.2174207160e+17,1.0548980798e+21,4.0120860644e-02,3.0336875219e+02,8.5546127614e-01,2.2494505392e+02,2.1097236759e+01,2.5812100683e-02,3.5925400654e-13,5.6445188130e+01,0.0000000000e+00,0.0000000000e+00,0.0000000000e+00,0.0000000000e+00,0.0000000000e+00,2.1097236759e+01,0.0000000000e+00,6.7331227922e+06,5.1249360000e+05,5.3754108598e+05,1.4980921518e+04,1.0000000000e-02
2.0000000000e+00,3.3745189896e+03,3.4123770051e+03,1.0000013620e+00,0.0000000000e+00,1.2318292664e+20,4.2181707336e+20,0.0000000000e+00,2.2177827410e+20,2.2172590238e+17,1.0547849647e+21,4.0123505615e-02,3.0331912857e+02,8.5546140087e-01,2.2497284742e+02,2.1036175672e+01,2.5805808132e-02,3.5941178597e-13,5.6428838275e+01,0.0000000000e+00,0.0000000000e+00,0.0000000000e+00,0.0000000000e+00,0.0000000000e+00,2.1036175672e+01,0.0000000000e+00,6.7337624398e+06,5.2755390000e+05,5.3973440449e+05,1.4980921518e+04,1.0000000000e-02
3.2000000000e+01,3.3555021406e+03,3.3931096859e+03,1.0000013620e+00,0.0000000000e+00,1.2349349416e+20,4.2148803355e+20,0.0000000000e+00,2.2177873833e+20,2.2125195758e+17,1.0515267094e+21,4.0201045290e-02,3.0188808673e+02,8.5546498225e-01,2.2578960890e+02,1.9281434884e+01,2.5617925994e-02,3.6417635586e-13,5.5935960042e+01,0.0000000000e+00,0.0000000000e+00,0.0000000000e+00,0.0000000000e+00,0.0000000000e+00,1.9281434884e+01,0.0000000000e+00,6.7316631114e+06,5.2974720000e+05,5.2223329507e+05,1.4980915261e+04,1.0000000000e-02
6.2000000000e+01,3.3370748517e+03,3.3744532163e+03,1.0000013620e+00,0.0000000000e+00,1.2378805333e+20,4.2117502243e+20,0.0000000000e+00,2.2177917202e+20,2.2080858854e+17,1.0486410228e+21,4.0273599465e-02,3.0060829797e+02,8.5546832793e-01,2.2657087349e+02,1.7702967583e+01,2.5435946517e-02,3.6891676522e-13,5.5453552623e+01,0.0000000000e+00,0.0000000000e+00,0.0000000000e+00,0.0000000000e+00,0.0000000000e+00,1.7702967583e+01,0.0000000000e+00,6.7283964311e+06,5.1224610000e+05,5.0095131376e+05,1.4980909395e+04,1.0000000000e-02
9.2000000000e+01,3.3194608670e+03,3.3566453586e+03,1.0000013620e+00,0.0000000000e+00,1.2406385777e+20,4.2088079746e+20,0.0000000000e+00,2.2177957212e+20,2.2039882346e+17,1.0461165816e+21,4.0340653374e-02,2.9947707376e+02,8.5547141461e-01,2.2730845935e+02,1.6299699933e+01,2.5262071685e-02,3.7356660704e-13,5.4988180993e+01,0.0000000000e+00,0.0000000000e+00,0.0000000000e+00,0.0000000000e+00,0.0000000000e+00,1.6299699933e+01,0.0000000000e+00,6.7252126348e+06,4.9096410000e+05,4.8091732141e+05,1.4980903529e+04,1.0000000000e-02
2.2700000000e+02,3.2433869557e+03,3.2798866011e+03,1.0000013620e+00,0.0000000000e+00,1.2519598954e+20,4.1966591087e+20,0.0000000000e+00,2.2178115435e+20,2.1877325834e+17,1.0375278422e+21,4.0606349392e-02,2.9550078803e+02,8.5548362094e-01,2.3040015339e+02,1.1285084807e+01,2.4511960217e-02,3.9511457777e-13,5.2935554245e+01,0.0000000000e+00,0.0000000000e+00,0.0000000000e+00,0.0000000000e+00,0.0000000000e+00,1.1285084807e+01,0.0000000000e+00,6.7110318085e+06,4.7093010000e+05,3.9894916500e+05,1.4980877132e+04,1.0000000000e-02
3.6200000000e+02,3.1806042329e+03,3.2166977219e+03,1.0000013620e+00,0.0000000000e+00,1.2606337425e+20,4.1871637942e+20,0.0000000000e+00,2.2178229917e+20,2.1758561936e+17,1.0327672078e+21,4.0799727747e-02,2.9313516296e+02,8.5549245283e-01,2.3284508179e+02,8.2148732452e+00,2.3893983745e-02,4.1493175225e-13,5.1195821489e+01,0.0000000000e+00,0.0000000000e+00,0.0000000000e+00,0.0000000000e+00,0.0000000000e+00,8.2148732452e+00,0.0000000000e+00,6.7010752352e+06,3.8896200000e+05,3.4395224418e+05,1.4980850736e+04,1.0000000000e-02
5.2400000000e+02,3.1165941153e+03,3.1523700492e+03,1.0000013620e+00,0.0000000000e+00,1.2689398510e+20,4.1778770139e+20,0.0000000000e+00,2.2178334149e+20,2.1649233677e+17,1.0295816914e+21,4.0976810685e-02,2.9138005744e+02,8.5550049405e-01,2.3525303911e+02,5.8602801207e+00,2.3264990251e-02,4.3737611065e-13,4.9387972723e+01,0.0000000000e+00,0.0000000000e+00,0.0000000000e+00,0.0000000000e+00,0.0000000000e+00,5.8602801207e+00,0.0000000000e+00,6.6902938283e+06,3.3396510000e+05,2.9175510266e+05,1.4980819060e+04,1.0000000000e-02
7.2000000000e+02,3.0512588698e+03,3.0867675928e+03,1.0000013620e+00,0.0000000000e+00,1.2769327397e+20,4.1687041982e+20,0.0000000000e+00,2.2178429660e+20,2.1547608759e+17,1.0276655872e+21,4.1140391131e-02,2.9011550702e+02,8.5550786247e-01,2.3763522798e+02,4.0875128940e+00,2.2624144263e-02,4.6302476911e-13,4.7514634143e+01,0.0000000000e+00,0.0000000000e+00,0.0000000000e+00,0.0000000000e+00,0.0000000000e+00,4.0875128940e+00,0.0000000000e+00,6.6798380302e+06,2.8176800000e+05,2.4631279701e+05,1.4980780736e+04,1.0000000000e-02
9.7400000000e+02,2.9804117177e+03,3.0156491565e+03,1.0000013620e+00,0.0000000000e+00,1.2851217271e+20,4.1589942797e+20,0.0000000000e+00,2.2178522957e+20,2.1446449561e+17,1.0267259982e+21,4.1302138396e-02,2.8919541035e+02,8.5551506019e-01,2.4014504731e+02,2.7138035456e+00,2.1930644236e-02,4.9454695688e-13,4.5459113792e+01,0.0000000000e+00,0.0000000000e+00,0.0000000000e+00,0.0000000000e+00,0.0000000000e+00,2.7138035456e+00,0.0000000000e+00,6.6697396997e+06,2.3632570000e+05,2.0581945402e+05,1.4980731072e+04,1.0000000000e-02
1.2440000000e+03,2.9184392235e+03,2.9534174650e+03,1.0000013620e+00,0.0000000000e+00,1.2919194388e+20,4.1505881372e+20,0.0000000000e+00,2.2178597092e+20,2.1364020956e+17,1.0266063027e+21,4.1433159577e-02,2.8867207147e+02,8.5552077953e-01,2.4228501396e+02,1.8641464365e+00,2.1325284957e-02,5.2587516310e-13,4.3646065007e+01,0.0000000000e+00,0.0000000000e+00,0.0000000000e+00,0.0000000000e+00,0.0000000000e+00,1.8641464365e+00,0.0000000000e+00,6.6602890192e+06,1.9583240000e+05,1.7356312320e+05,1.4980678278e+04,1.0000000000e-02
1.5880000000e+03,2.8531339427e+03,2.8877811855e+03,1.0000013620e+00,0.0000000000e+00,1.2987459366e+20,4.1417221733e+20,0.0000000000e+00,2.2178668691e+20,2.1281924120e+17,1.0269746763e+21,4.1563058409e-02,2.8832273345e+02,8.5552630330e-01,2.4448938548e+02,1.2316897977e+00,2.0688723832e-02,5.6340646361e-13,4.1725443150e+01,0.0000000000e+00,0.0000000000e+00,0.0000000000e+00,0.0000000000e+00,0.0000000000e+00,1.2316897977e+00,0.0000000000e+00,6.6510376928e+06,1.6357610000e+05,1.4536838692e+05,1.4980611016e+04,1.0000000000e-02
2.0040000000e+03,2.7879882275e+03,2.8222171667e+03,1.0000013620e+00,0.0000000000e+00,1.3052303463e+20,4.1327828995e+20,0.0000000000e+00,2.2178734161e+20,2.1203840254e+17,1.0276789285e+21,4.1686193462e-02,2.8811693431e+02,8.5553135421e-01,2.4663944967e+02,7.9815787496e-01,2.0055177367e-02,6.0635294202e-13,3.9803740237e+01,0.0000000000e+00,0.0000000000e+00,0.0000000000e+00,0.0000000000e+00,0.0000000000e+00,7.9815787496e-01,0.0000000000e+00,6.6419551661e+06,1.3538140000e+05,1.2133030558e+05,1.4980529676e+04,1.0000000000e-02
2.5170000000e+03,2.7222842061e+03,2.7559772208e+03,1.0000014015e+00,0.0000000000e+00,1.3114396541e+20,4.1235600598e+20,0.0000000000e+00,2.2178794436e+20,2.1128103730e+17,1.0285849988e+21,4.1805389553e-02,2.8800012175e+02,8.5553600437e-01,2.4875743908e+02,5.0399495465e-01,1.9417760466e-02,6.5636516889e-13,3.7863733949e+01,0.0000000000e+00,0.0000000000e+00,0.0000000000e+00,0.0000000000e+00,0.0000000000e+00,5.0399495465e-01,0.0000000000e+00,6.6330245694e+06,1.1134330000e+05,1.0071859951e+05,1.4980429369e+04,1.0000000000e-02
3.0190000000e+03,2.6578932509e+03,2.6909323497e+03,9.9985092213e-01,0.0000000000e+00,1.3171644920e+20,4.1148994342e+20,0.0000000000e+00,2.2178843729e+20,2.1063768203e+17,1.0297221722e+21,4.1918433353e-02,2.8798105450e+02,8.5584680054e-01,2.5082226248e+02,3.1380785660e-01,1.8801424514e-02,7.1389902909e-13,3.5970335944e+01,0.0000000000e+00,0.0000000000e+00,0.0000000000e+00,0.0000000000e+00,0.0000000000e+00,3.1380785660e-01,0.0000000000e+00,6.6243377015e+06,9.0731710000e+04,8.3661053285e+04,1.4980331213e+04,1.0000000000e-02
3.5490000000e+03,2.5948521803e+03,2.6271179348e+03,9.9852657216e-01,0.0000000000e+00,1.3211544579e+20,4.1078232692e+20,0.0000000000e+00,2.2178831110e+20,2.1060589730e+17,1.0312783972e+21,4.2026088859e-02,2.8810412399e+02,8.5851277038e-01,2.5289871422e+02,1.9266659229e-01,1.8249417132e-02,7.8418629284e-13,3.4135980983e+01,0.0000000000e+00,0.0000000000e+00,0.0000000000e+00,0.0000000000e+00,0.0000000000e+00,1.9266659229e-01,0.0000000000e+00,6.6159870806e+06,7.3674230000e+04,6.9517273231e+04,1.4980227582e+04,1.0000000000e-02
4.1750000000e+03,2.5329850775e+03,2.5643625110e+03,9.9562154048e-01,0.0000000000e+00,1.3228827376e+20,4.1024648008e+20,0.0000000000e+00,2.2178736124e+20,2.1136964187e+17,1.0332526715e+21,4.2129244216e-02,2.8836244164e+02,8.6433005902e-01,2.5500599551e+02,1.1644509698e-01,1.7771498311e-02,8.7188078269e-13,3.2357899484e+01,0.0000000000e+00,0.0000000000e+00,0.0000000000e+00,0.0000000000e+00,0.0000000000e+00,1.1644509698e-01,0.0000000000e+00,6.6079406950e+06,5.9530520000e+04,5.7800768693e+04,1.4980105180e+04,1.0000000000e-02
4.9160000000e+03,2.4723645818e+03,2.5027525286e+03,9.9080265725e-01,0.0000000000e+00,1.3219565679e+20,4.0991109360e+20,0.0000000000e+00,2.2178542128e+20,2.1308907647e+17,1.0356852571e+21,4.2228143452e-02,2.8876366874e+02,8.7398902360e-01,2.5716211201e+02,6.9294971907e-02,1.7375786106e-02,9.8270395920e-13,3.0640896946e+01,0.0000000000e+00,0.0000000000e+00,0.0000000000e+00,0.0000000000e+00,0.0000000000e+00,6.9294971907e-02,0.0000000000e+00,6.6001582262e+06,4.7814090000e+04,4.8145379549e+04,1.4979960293e+04,1.0000000000e-02
5.7940000000e+03,2.4129964551e+03,2.4423122535e+03,9.8367242325e-01,0.0000000000e+00,1.3179126432e+20,4.0981029203e+20,0.0000000000e+00,2.2178227187e+20,2.1597586213e+17,1.0386455677e+21,4.2322970585e-02,2.8932442445e+02,8.8839678470e-01,2.5939081980e+02,4.0591312834e-02,1.7072385841e-02,1.1250439452e-12,2.8987544169e+01,0.0000000000e+00,0.0000000000e+00,0.0000000000e+00,0.0000000000e+00,0.0000000000e+00,4.0591312834e-02,0.0000000000e+00,6.5927447780e+06,3.8158800000e+04,4.0234500368e+04,1.4979788618e+04,1.0000000000e-02
6.8430000000e+03,2.3547561973e+03,2.3829354171e+03,9.7373804326e-01,0.0000000000e+00,1.3101720568e+20,4.0998296219e+20,0.0000000000e+00,2.2177760672e+20,2.2032406725e+17,1.0422309554e+21,4.2413979353e-02,2.9006929788e+02,9.0881048897e-01,2.6172380629e+02,2.3370244603e-02,1.6874603961e-02,1.3118341381e-12,2.7396436255e+01,0.0000000000e+00,0.0000000000e+00,0.0000000000e+00,0.0000000000e+00,0.0000000000e+00,2.3370244603e-02,0.0000000000e+00,6.5855580650e+06,3.0248040000e+04,3.3765596678e+04,1.4979583507e+04,1.0000000000e-02
8.1030000000e+03,2.2976634321e+03,2.3246629134e+03,9.6039649163e-01,0.0000000000e+00,1.2980032509e+20,4.1048003485e+20,0.0000000000e+00,2.2177099491e+20,2.2654906892e+17,1.0465684652e+21,4.2501076848e-02,2.9103222476e+02,9.3699045724e-01,2.6419495880e+02,1.3221495258e-02,1.6803407887e-02,1.5628619227e-12,2.5870250593e+01,0.0000000000e+00,0.0000000000e+00,0.0000000000e+00,0.0000000000e+00,0.0000000000e+00,1.3221495258e-02,0.0000000000e+00,6.5788065503e+06,2.3779270000e+04,2.8556904506e+04,1.4979337139e+04,1.0000000000e-02
9.6260000000e+03,2.2417234851e+03,2.2675199371e+03,9.4281484832e-01,0.0000000000e+00,1.2803831738e+20,4.1137487609e+20,0.0000000000e+00,2.2176176400e+20,2.3530137740e+17,1.0518495210e+21,4.2584073063e-02,2.9226514656e+02,9.7568359010e-01,2.6685344320e+02,7.3473035974e-03,1.6892882813e-02,1.9110288654e-12,2.4411779585e+01,0.0000000000e+00,0.0000000000e+00,0.0000000000e+00,0.0000000000e+00,0.0000000000e+00,7.3473035974e-03,0.0000000000e+00,6.5721835409e+06,1.8570740000e+04,2.4252258458e+04,1.4979039347e+04,1.0000000000e-02
1.1493000000e+04,2.1869272038e+03,2.2115147314e+03,9.1961445004e-01,0.0000000000e+00,1.2555925147e+20,4.1279436969e+20,0.0000000000e+00,2.2174869751e+20,2.4776179812e+17,1.0584113109e+21,4.2662602352e-02,2.9386031502e+02,1.0298577362e+00,2.6978392516e+02,4.0085601492e-03,1.7208116835e-02,2.4170655127e-12,2.3025315445e+01,0.0000000000e+00,0.0000000000e+00,0.0000000000e+00,0.0000000000e+00,0.0000000000e+00,4.0085601492e-03,0.0000000000e+00,6.5659655376e+06,1.4266290000e+04,2.0833169885e+04,1.4978674293e+04,1.0000000000e-02
1.3814000000e+04,2.1331927968e+03,2.1565784284e+03,8.8854830444e-01,0.0000000000e+00,1.2207128322e+20,4.1496914607e+20,0.0000000000e+00,2.2172947192e+20,2.6619920585e+17,1.0668737852e+21,4.2736041818e-02,2.9598764695e+02,1.1090446400e+00,2.7314169854e+02,2.1442057517e-03,1.7876070252e-02,3.2061809181e-12,2.1716883495e+01,0.0000000000e+00,0.0000000000e+00,0.0000000000e+00,0.0000000000e+00,0.0000000000e+00,2.1442057517e-03,0.0000000000e+00,6.5601101878e+06,1.0847450000e+04,1.8077484976e+04,1.4978220468e+04,1.0000000000e-02
1.6673000000e+04,2.0806237365e+03,2.1028286502e+03,8.5515967180e-01,0.0000000000e+00,1.1816610992e+20,4.1726143589e+20,0.0000000000e+00,2.2170614510e+20,2.8849137655e+17,1.0755855131e+21,4.2804875989e-02,2.9818931218e+02,1.2045371629e+00,2.7651219205e+02,1.1253778210e-03,1.8721748567e-02,4.3516559831e-12,2.0452735845e+01,0.0000000000e+00,0.0000000000e+00,0.0000000000e+00,0.0000000000e+00,0.0000000000e+00,1.1253778210e-03,0.0000000000e+00,6.5545496354e+06,8.0920660000e+03,1.5945632786e+04,1.4977661448e+04,1.0000000000e-02
2.0094000000e+04,2.0290480282e+03,2.0502873182e+03,8.2385108012e-01,0.0000000000e+00,1.1436186276e+20,4.1914110204e+20,0.0000000000e+00,2.2168127846e+20,3.1202737629e+17,1.0831666554e+21,4.2870148263e-02,3.0008321337e+02,1.3055168378e+00,2.7955221072e+02,5.7804155717e-04,1.9556739374e-02,5.9129074509e-12,1.9205351032e+01,0.0000000000e+00,0.0000000000e+00,0.0000000000e+00,0.0000000000e+00,0.0000000000e+00,5.7804155717e-04,0.0000000000e+00,6.5492917981e+06,5.9605870000e+03,1.4346514985e+04,1.4976992541e+04,1.0000000000e-02
2.5264000000e+04,1.9785408868e+03,2.0084759153e+03,7.8807533199e-01,0.0000000000e+00,1.0975253651e+20,4.2084959197e+20,0.0000000000e+00,2.2164841164e+20,3.4273468695e+17,1.0902736624e+21,4.2929690254e-02,3.0184977051e+02,1.4367640002e+00,2.8240018434e+02,2.9068780964e-04,2.0734525619e-02,8.3322481712e-12,1.7991796962e+01,0.0000000000e+00,0.0000000000e+00,0.0000000000e+00,0.0000000000e+00,0.0000000000e+00,2.9068780964e-04,0.0000000000e+00,6.5443125932e+06,4.3619150000e+03,1.3116383558e+04,1.4975981651e+04,1.0000000000e-02
3.5264000000e+04,1.9469291438e+03,1.9775738479e+03,7.3755404421e-01,0.0000000000e+00,1.0267135318e+20,4.2233435697e+20,0.0000000000e+00,2.2159165806e+20,3.9493060342e+17,1.0960342828e+21,4.2954572752e-02,3.0330711781e+02,1.6570909168e+00,2.8437272473e+02,1.8552445022e-04,2.3347113629e-02,1.2255230014e-11,1.7253769531e+01,0.0000000000e+00,0.0000000000e+00,0.0000000000e+00,0.0000000000e+00,0.0000000000e+00,1.8552445022e-04,0.0000000000e+00,6.5415050298e+06,3.1324570000e+03,1.2367694753e+04,1.4974026353e+04,1.0000000000e-02
4.5265000000e+04,1.9227620299e+03,1.9539413135e+03,6.9878622802e-01,0.0000000000e+00,9.6987935466e+19,4.2242969302e+20,0.0000000000e+00,2.2153816383e+20,4.4319934674e+17,1.0978005767e+21,4.2969852636e-02,3.0368852523e+02,1.8607622536e+00,2.8515010755e+02,1.3026266880e-04,2.5731124173e-02,1.6690333244e-11,1.6651794041e+01,0.0000000000e+00,0.0000000000e+00,0.0000000000e+00,0.0000000000e+00,0.0000000000e+00,1.3026266880e-04,0.0000000000e+00,6.5393935265e+06,2.3850720000e+03,1.1894966351e+04,1.4972070859e+04,1.0000000000e-02
5.5265000000e+04,1.9033407277e+03,1.9349516672e+03,6.6748855342e-01,0.0000000000e+00,9.2220897308e+19,4.2161618538e+20,0.0000000000e+00,2.2148681622e+20,4.8869203146e+17,1.0969542057e+21,4.2979088018e-02,3.0336611631e+02,2.0526269329e+00,2.8514723735e+02,9.7379933474e-05,2.7954710930e-02,2.1598791015e-11,1.6138199928e+01,0.0000000000e+00,0.0000000000e+00,0.0000000000e+00,0.0000000000e+00,0.0000000000e+00,9.7379933474e-05,0.0000000000e+00,6.5377043473e+06,1.9136470000e+03,1.1570082489e+04,1.4970115560e+04,1.0000000000e-02
6.5266000000e+04,1.8872092925e+03,1.9191801334e+03,6.4138128729e-01,0.0000000000e+00,8.8106989716e+19,4.2015480199e+20,0.0000000000e+00,2.2143701141e+20,5.3203456928e+17,1.0942461558e+21,4.2984171827e-02,3.0254210645e+02,2.2353232902e+00,2.8458999160e+02,7.6115722581e-05,3.0054949499e-02,2.6940310289e-11,1.5686660495e+01,0.0000000000e+00,0.0000000000e+00,0.0000000000e+00,0.0000000000e+00,0.0000000000e+00,7.6115722581e-05,0.0000000000e+00,6.5363417491e+06,1.5900670000e+03,1.1335798580e+04,1.4968160066e+04,1.0000000000e-02
7.5266000000e+04,1.8772065285e+03,1.9094011662e+03,6.2234764563e-01,0.0000000000e+00,8.4814754138e+19,4.1787722332e+20,0.0000000000e+00,2.2139378719e+20,5.6820582572e+17,1.0890741464e+21,4.2983205072e-02,3.0106159753e+02,2.3874949484e+00,2.8328418060e+02,6.5188754671e-05,3.1844390123e-02,3.1621724666e-11,1.5358012405e+01,0.0000000000e+00,0.0000000000e+00,0.0000000000e+00,0.0000000000e+00,0.0000000000e+00,6.5188754671e-05,0.0000000000e+00,6.5354309193e+06,1.3570870000e+03,1.1190318090e+04,1.4966204767e+04,1.0000000000e-02
8.5267000000e+04,1.8772065285e+03,1.9147195201e+03,6.3128067014e-01,0.0000000000e+00,8.3906585861e+19,4.1321866243e+20,0.0000000000e+00,2.2138622657e+20,5.6819712792e+17,1.0769825186e+21,4.2980927288e-02,2.9771647289e+02,2.3873318846e+00,2.8011123952e+02,6.5188754671e-05,3.1842215180e-02,3.1263272741e-11,1.5185994086e+01,0.0000000000e+00,0.0000000000e+00,0.0000000000e+00,0.0000000000e+00,0.0000000000e+00,6.5188754671e-05,0.0000000000e+00,6.5352187279e+06,1.2129100000e+03,1.1189638046e+04,1.4964249274e+04,1.0000000000e-02
9.5268000000e+04,1.8740125441e+03,1.9062787446e+03,6.1582990108e-01,0.0000000000e+00,8.2194554763e+19,4.0936538061e+20,0.0000000000e+00,2.2136523852e+20,5.8153258795e+17,1.0672269605e+21,4.2978271855e-02,2.9500136099e+02,2.4432937623e+00,2.7755783085e+02,6.2019168502e-05,3.2504846346e-02,3.2795669017e-11,1.4967669516e+01,0.0000000000e+00,0.0000000000e+00,0.0000000000e+00,0.0000000000e+00,0.0000000000e+00,6.2019168502e-05,0.0000000000e+00,6.5348022074e+06,1.2135330000e+03,1.1144200954e+04,1.4962293779e+04,1.0000000000e-02
1.0526900000e+05,1.8711493879e+03,1.9034797811e+03,6.0395597168e-01,0.0000000000e+00,7.9738915545e+19,4.0625780894e+20,0.0000000000e+00,2.2133013202e+20,6.0873614077e+17,1.0594986466e+21,4.2970383289e-02,2.9284279575e+02,2.5571968845e+00,2.7546756125e+02,5.9300223261e-05,3.3941592106e-02,3.5998273704e-11,1.4784036720e+01,0.0000000000e+00,0.0000000000e+00,0.0000000000e+00,0.0000000000e+00,0.0000000000e+00,5.9300223261e-05,0.0000000000e+00,6.5345135077e+06,1.1694000000e+03,1.1083015687e+04,1.4960338285e+04,1.0000000000e-02
1.2027000000e+05,1.8649757683e+03,1.8974447117e+03,5.8473200404e-01,0.0000000000e+00,7.5981608578e+19,4.0167395221e+20,0.0000000000e+00,2.2127069598e+20,6.5567379636e+17,1.0482326327e+21,4.2958402069e-02,2.8968684560e+02,2.7537860029e+00,2.7242649471e+02,5.3810235604e-05,3.6368516650e-02,4.2154552706e-11,1.4470142568e+01,0.0000000000e+00,0.0000000000e+00,0.0000000000e+00,0.0000000000e+00,0.0000000000e+00,5.3810235604e-05,0.0000000000e+00,6.5339312460e+06,1.1095180000e+03,1.0979431584e+04,1.4957405142e+04,1.0000000000e-02
1.3227100000e+05,1.8621266470e+03,1.8946595943e+03,5.7182145835e-01,0.0000000000e+00,7.3298649508e+19,3.9768764354e+20,0.0000000000e+00,2.2122463831e+20,6.9084486564e+17,1.0382778509e+21,4.2946496379e-02,2.8690974164e+02,2.9007854749e+00,2.6971326119e+02,5.1439407091e-05,3.8221270341e-02,4.6759786828e-11,1.4257422272e+01,0.0000000000e+00,0.0000000000e+00,0.0000000000e+00,0.0000000000e+00,0.0000000000e+00,5.1439407091e-05,0.0000000000e+00,6.5336363660e+06,1.0078890000e+03,1.0920376926e+04,1.4955058588e+04,1.0000000000e-02
1.4227200000e+05,1.8577571346e+03,1.8903883179e+03,5.5975268039e-01,0.0000000000e+00,7.0975775640e+19,3.9445478071e+20,0.0000000000e+00,2.2118075883e+20,7.2507317144e+17,1.0303343289e+21,4.2937095101e-02,2.8468457944e+02,3.0439808231e+00,2.6756101266e+02,4.7991429878e-05,3.9965455418e-02,5.1847346883e-11,1.4039572517e+01,0.0000000000e+00,0.0000000000e+00,0.0000000000e+00,0.0000000000e+00,0.0000000000e+00,4.7991429878e-05,0.0000000000e+00,6.5332282420e+06,9.5039910000e+02,1.0857988177e+04,1.4953103094e+04,1.0000000000e-02
1.5227400000e+05,1.8567169660e+03,1.8893715484e+03,5.5070617348e-01,0.0000000000e+00,6.8993099909e+19,3.9088350490e+20,0.0000000000e+00,2.2114195495e+20,7.5366797003e+17,1.0213249003e+21,4.2925102997e-02,2.8217784021e+02,3.1631777725e+00,2.6508781678e+02,4.7202939078e-05,4.1495171129e-02,5.5667994206e-11,1.3885303284e+01,0.0000000000e+00,0.0000000000e+00,0.0000000000e+00,0.0000000000e+00,0.0000000000e+00,4.7202939078e-05,0.0000000000e+00,6.5330917448e+06,8.8931400000e+02,1.0824156082e+04,1.4951147404e+04,1.0000000000e-02
1.6227500000e+05,1.8536255012e+03,1.8863496591e+03,5.4020410691e-01,0.0000000000e+00,6.6899175670e+19,3.8742560179e+20,0.0000000000e+00,2.2109727918e+20,7.8763918014e+17,1.0127361952e+21,4.2913515146e-02,2.7977883729e+02,3.3049720936e+00,2.6274027290e+02,4.4930025018e-05,4.3245781591e-02,6.0876169472e-11,1.3690301581e+01,0.0000000000e+00,0.0000000000e+00,0.0000000000e+00,0.0000000000e+00,0.0000000000e+00,4.4930025018e-05,0.0000000000e+00,6.5327941915e+06,8.5678570000e+02,1.0776812445e+04,1.4949191910e+04,1.0000000000e-02
1.7227700000e+05,1.8511600431e+03,1.8839397216e+03,5.3046095552e-01,0.0000000000e+00,6.4915226258e+19,3.8385923551e+20,0.0000000000e+00,2.2105228657e+20,8.2134796046e+17,1.0038354815e+21,4.2900876048e-02,2.7729581096e+02,3.4454905284e+00,2.6029897853e+02,4.3190790899e-05,4.4993482005e-02,6.6108287512e-11,1.3506305225e+01,0.0000000000e+00,0.0000000000e+00,0.0000000000e+00,0.0000000000e+00,0.0000000000e+00,4.3190790899e-05,0.0000000000e+00,6.5325404495e+06,8.1074570000e+02,1.0735768881e+04,1.4947236221e+04,1.0000000000e-02
1.8227900000e+05,1.8463933943e+03,1.8792805003e+03,5.1930504870e-01,0.0000000000e+00,6.2828209145e+19,3.8039789658e+20,0.0000000000e+00,2.2100050229e+20,8.6126035843e+17,9.9534739000e+20,4.2888541894e-02,2.7491740167e+02,3.6120631756e+00,2.5798079970e+02,4.0004441176e-05,4.6984337710e-02,7.3208671238e-11,1.3277514456e+01,0.0000000000e+00,0.0000000000e+00,0.0000000000e+00,0.0000000000e+00,0.0000000000e+00,4.0004441176e-05,0.0000000000e+00,6.5321047167e+06,7.7100600000e+02,1.0681889557e+04,1.4945280531e+04,1.0000000000e-02
1.9228000000e+05,1.8452262059e+03,1.8781396344e+03,5.1118034151e-01,0.0000000000e+00,6.1072219538e+19,3.7660860951e+20,0.0000000000e+00,2.2095564091e+20,8.9356665661e+17,9.8579937177e+20,4.2874016195e-02,2.7226030544e+02,3.7463304022e+00,2.5534940342e+02,3.9258278418e-05,4.8684027418e-02,7.8266844504e-11,1.3115848335e+01,0.0000000000e+00,0.0000000000e+00,0.0000000000e+00,0.0000000000e+00,0.0000000000e+00,3.9258278418e-05,0.0000000000e+00,6.5319545210e+06,7.1843040000e+02,1.0653837291e+04,1.4943325037e+04,1.0000000000e-02
2.0228200000e+05,1.8444846923e+03,1.8774148470e+03,5.0340257036e-01,0.0000000000e+00,5.9375091345e+19,3.7276160258e+20,0.0000000000e+00,2.2090978161e+20,9.2627157547e+17,9.7608664415e+20,4.2858434866e-02,2.6955886819e+02,3.8820667730e+00,2.5266486634e+02,3.8790991338e-05,5.0417127502e-02,8.3372990200e-11,1.2961479164e+01,0.0000000000e+00,0.0000000000e+00,0.0000000000e+00,0.0000000000e+00,0.0000000000e+00,3.8790991338e-05,0.0000000000e+00,6.5318419202e+06,6.9168180000e+02,1.0628952735e+04,1.4941369347e+04,1.0000000000e-02
2.1228400000e+05,1.8411259117e+03,1.8741318640e+03,4.9405290810e-01,0.0000000000e+00,5.7557618230e+19,3.6903655595e+20,0.0000000000e+00,2.2085606358e+20,9.6621705167e+17,9.6684945243e+20,4.2843058078e-02,2.6697820100e+02,4.0481717239e+00,2.5012038747e+02,3.6738453579e-05,5.2428861174e-02,9.0808461102e-11,1.2757176204e+01,0.0000000000e+00,0.0000000000e+00,0.0000000000e+00,0.0000000000e+00,0.0000000000e+00,3.6738453579e-05,0.0000000000e+00,6.5315175101e+06,6.6810100000e+02,1.0589685796e+04,1.4939413658e+04,1.0000000000e-02
2.2228700000e+05,1.8382098003e+03,1.8712816062e+03,4.8527249608e-01,0.0000000000e+00,5.5824412965e+19,3.6522896272e+20,0.0000000000e+00,2.2080161012e+20,1.0061635071e+18,9.5737766061e+20,4.2826653464e-02,2.6433419769e+02,4.2140515397e+00,2.4750510004e+02,3.5038876391e-05,5.4445751642e-02,9.8377363747e-11,1.2560565322e+01,0.0000000000e+00,0.0000000000e+00,0.0000000000e+00,0.0000000000e+00,0.0000000000e+00,3.5038876391e-05,0.0000000000e+00,6.5312320079e+06,6.3013790000e+02,1.0555215040e+04,1.4937457773e+04,1.0000000000e-02
2.3228900000e+05,1.8357608454e+03,1.8688879880e+03,4.7707803275e-01,0.0000000000e+00,5.4175929374e+19,3.6133939033e+20,0.0000000000e+00,2.2074674071e+20,1.0457762171e+18,9.4766974290e+20,4.2809303945e-02,2.6162660002e+02,4.3782978112e+00,2.4481992188e+02,3.3668413555e-05,5.6453150658e-02,1.0595509432e-10,1.2371893504e+01,0.0000000000e+00,0.0000000000e+00,0.0000000000e+00,0.0000000000e+00,0.0000000000e+00,3.3668413555e-05,0.0000000000e+00,6.5309782468e+06,5.9697100000e+02,1.0524601863e+04,1.4935502083e+04,1.0000000000e-02
2.4229100000e+05,1.8337466424e+03,1.8669193206e+03,4.6940605420e-01,0.0000000000e+00,5.2603761239e+19,3.5737562101e+20,0.0000000000e+00,2.2069141723e+20,1.0850777760e+18,9.3774792925e+20,4.2791029480e-02,2.5886140612e+02,4.5409969386e+00,2.4207146105e+02,3.2578819455e-05,5.8453174359e-02,1.1350297485e-10,1.2190462374e+01,0.0000000000e+00,0.0000000000e+00,0.0000000000e+00,0.0000000000e+00,0.0000000000e+00,3.2578819455e-05,0.0000000000e+00,6.5307623335e+06,5.6766170000e+02,1.0497930377e+04,1.4933546393e+04,1.0000000000e-02
2.5229300000e+05,1.8321292179e+03,1.8653384764e+03,4.6218471423e-01,0.0000000000e+00,5.1098878766e+19,3.5334659884e+20,0.0000000000e+00,2.2063551260e+20,1.1241801443e+18,9.2763832937e+20,4.2771821136e-02,2.5604563882e+02,4.7026068451e+00,2.3926702724e+02,3.1727728447e-05,6.0452158790e-02,1.2100815091e-10,1.2015520857e+01,0.0000000000e+00,0.0000000000e+00,0.0000000000e+00,0.0000000000e+00,0.0000000000e+00,3.1727728447e-05,0.0000000000e+00,6.5305766070e+06,5.4229400000e+02,1.0474227070e+04,1.4931590704e+04,1.0000000000e-02
2.6229600000e+05,1.8308843481e+03,1.8641217699e+03,4.5535998538e-01,0.0000000000e+00,4.9654278509e+19,3.4925871119e+20,0.0000000000e+00,2.2057893533e+20,1.1631556861e+18,9.1735952781e+20,4.2751664452e-02,2.5318429965e+02,4.8634180301e+00,2.3641186387e+02,3.1086824746e-05,6.2454679868e-02,1.2844871123e-10,1.1846531982e+01,0.0000000000e+00,0.0000000000e+00,0.0000000000e+00,0.0000000000e+00,0.0000000000e+00,3.1086824746e-05,0.0000000000e+00,6.5304159547e+06,5.1989440000e+02,1.0452915303e+04,1.4929634819e+04,1.0000000000e-02
2.7229900000e+05,1.8299938067e+03,1.8632513805e+03,4.4888533527e-01,0.0000000000e+00,4.8264054091e+19,3.4511837012e+20,0.0000000000e+00,2.2052159652e+20,1.2020757458e+18,9.0692990916e+20,4.2730536630e-02,2.5028235488e+02,5.0237149259e+00,2.3351104968e+02,3.0635761143e-05,6.4465355402e-02,1.3580393451e-10,1.1683094289e+01,0.0000000000e+00,0.0000000000e+00,0.0000000000e+00,0.0000000000e+00,0.0000000000e+00,3.0635761143e-05,0.0000000000e+00,6.5302892572e+06,4.9988660000e+02,1.0434307059e+04,1.4927678934e+04,1.0000000000e-02
2.8230100000e+05,1.8294165256e+03,1.8626871648e+03,4.4268489795e-01,0.0000000000e+00,4.6919498239e+19,3.4093476588e+20,0.0000000000e+00,2.2046319329e+20,1.2412239409e+18,8.9637753725e+20,4.2708355783e-02,2.4734730107e+02,5.1846619718e+00,2.3057164571e+02,3.0346629321e-05,6.6498676635e-02,1.4311848281e-10,1.1524464360e+01,0.0000000000e+00,0.0000000000e+00,0.0000000000e+00,0.0000000000e+00,0.0000000000e+00,3.0346629321e-05,0.0000000000e+00,6.5301879602e+06,4.8258230000e+02,1.0417426196e+04,1.4925723244e+04,1.0000000000e-02
2.9230400000e+05,1.8252354910e+03,1.8586008080e+03,4.3454044973e-01,0.0000000000e+00,4.5422538158e+19,3.3690482375e+20,0.0000000000e+00,2.2039116415e+20,1.2931315595e+18,8.8645187029e+20,4.2684860796e-02,2.4457064007e+02,5.3987496112e+00,2.2779954116e+02,2.8327180122e-05,6.9003414231e-02,1.5562706888e-10,1.1303317558e+01,0.0000000000e+00,0.0000000000e+00,0.0000000000e+00,0.0000000000e+00,0.0000000000e+00,2.8327180122e-05,0.0000000000e+00,6.5298092379e+06,4.6700520000e+02,1.0385574067e+04,1.4923767359e+04,1.0000000000e-02
3.0230700000e+05,1.8252354910e+03,1.8588365140e+03,4.2923887899e-01,0.0000000000e+00,4.4204059307e+19,3.3259912998e+20,0.0000000000e+00,2.2033249052e+20,1.3306019269e+18,8.7554599538e+20,4.2661364059e-02,2.4154027216e+02,5.5521282686e+00,2.2476443490e+02,2.8327180122e-05,7.0963803542e-02,1.6240241978e-10,1.1152716860e+01,0.0000000000e+00,0.0000000000e+00,0.0000000000e+00,0.0000000000e+00,0.0000000000e+00,2.8327180122e-05,0.0000000000e+00,6.5243778894e+06,4.3645700000e+02,1.0372954458e+04,1.4921811474e+04,1.0000000000e-02
3.1231000000e+05,1.8218814601e+03,1.8553227915e+03,4.2184850544e-01,0.0000000000e+00,4.2819134981e+19,3.2846163234e+20,0.0000000000e+00,2.2025825032e+20,1.3827490256e+18,8.6530817659e+20,4.2635280868e-02,2.3867984057e+02,5.7663958836e+00,2.2189397326e+02,2.6798422615e-05,7.3495887565e-02,1.7504129349e-10,1.0945948743e+01,0.0000000000e+00,0.0000000000e+00,0.0000000000e+00,0.0000000000e+00,0.0000000000e+00,2.6798422615e-05,0.0000000000e+00,6.5240665764e+06,4.2514130000e+02,1.0346813624e+04,1.4919855588e+04,1.0000000000e-02
3.2231300000e+05,1.8218814601e+03,1.8562476653e+03,4.1722845147e-01,0.0000000000e+00,4.1700916128e+19,3.2406003637e+20,0.0000000000e+00,2.2019881145e+20,1.4189507318e+18,8.5414137717e+20,4.2610939704e-02,2.3557795866e+02,5.9139873836e+00,2.1879546690e+02,2.6798422615e-05,7.5377022420e-02,1.8154538133e-10,1.0793100555e+01,0.0000000000e+00,0.0000000000e+00,0.0000000000e+00,0.0000000000e+00,0.0000000000e+00,2.6798422615e-05,0.0000000000e+00,6.5239886205e+06,4.0030430000e+02,1.0335899077e+04,1.4917899703e+04,1.0000000000e-02
3.3231600000e+05,1.8197571239e+03,1.8532466299e+03,4.1048541299e-01,0.0000000000e+00,4.0412236220e+19,3.1983069211e+20,0.0000000000e+00,2.2012234042e+20,1.4712601749e+18,8.4362006321e+20,4.2581696706e-02,2.3264260111e+02,6.1279347636e+00,2.1582943392e+02,2.5870289855e-05,7.7964915885e-02,1.9375686293e-10,1.0607241641e+01,0.0000000000e+00,0.0000000000e+00,0.0000000000e+00,0.0000000000e+00,0.0000000000e+00,2.5870289855e-05,0.0000000000e+00,6.5237854356e+06,3.9069370000e+02,1.0315565125e+04,1.4916006719e+04,1.0000000000e-02
3.4232000000e+05,1.8197571239e+03,1.8547777293e+03,4.0636249091e-01,0.0000000000e+00,3.9371876930e+19,3.1535483037e+20,0.0000000000e+00,2.2006144611e+20,1.5067791954e+18,8.3225373029e+20,4.2556169180e-02,2.2948590334e+02,6.2721124131e+00,2.1268143689e+02,2.5870289855e-05,7.9799269342e-02,2.0002091464e-10,1.0452528891e+01,0.0000000000e+00,0.0000000000e+00,0.0000000000e+00,0.0000000000e+00,0.0000000000e+00,2.5870289855e-05,0.0000000000e+00,6.5237000633e+06,3.7162170000e+02,1.0305919641e+04,1.4914135043e+04,1.0000000000e-02
3.5232300000e+05,1.8187236428e+03,1.8522365938e+03,4.0016371560e-01,0.0000000000e+00,3.8165994415e+19,3.1104689350e+20,0.0000000000e+00,2.1998255567e+20,1.5593243694e+18,8.2149134748e+20,4.2523779474e-02,2.2648675424e+02,6.4859671692e+00,2.0963420668e+02,2.5429667211e-05,8.2448562159e-02,2.1161893201e-10,1.0284106391e+01,0.0000000000e+00,0.0000000000e+00,0.0000000000e+00,0.0000000000e+00,0.0000000000e+00,2.5429667211e-05,0.0000000000e+00,6.5235924032e+06,3.6322400000e+02,1.0290147000e+04,1.4912263554e+04,1.0000000000e-02
3.6232700000e+05,1.8163273773e+03,1.8498947095e+03,3.9420774393e-01,0.0000000000e+00,3.7002034366e+19,3.0669865465e+20,0.0000000000e+00,2.1990191844e+20,1.6123281183e+18,8.1067044351e+20,4.2491883496e-02,2.2346796121e+02,6.7015737329e+00,2.0658920006e+02,2.4434781608e-05,8.5017928022e-02,2.2458489434e-10,1.0092145051e+01,0.0000000000e+00,0.0000000000e+00,0.0000000000e+00,0.0000000000e+00,0.0000000000e+00,2.4434781608e-05,0.0000000000e+00,6.5233556630e+06,3.4869910000e+02,1.0271596661e+04,1.4910391878e+04,1.0000000000e-02
3.7233000000e+05,1.8142308399e+03,1.8478457810e+03,3.8860274832e-01,0.0000000000e+00,3.5886166494e+19,3.0230542956e+20,0.0000000000e+00,2.1982054311e+20,1.6647419139e+18,7.9971612568e+20,4.2458873602e-02,2.2041342266e+02,6.9142068250e+00,2.0350670104e+02,2.3594205901e-05,8.7560774746e-02,2.3729991067e-10,9.9049304301e+00,0.0000000000e+00,0.0000000000e+00,0.0000000000e+00,0.0000000000e+00,0.0000000000e+00,2.3594205901e-05,0.0000000000e+00,6.5231472119e+06,3.3139650000e+02,1.0254716931e+04,1.4908520389e+04,1.0000000000e-02
3.8233400000e+05,1.8142308399e+03,1.8506178904e+03,3.8553883618e-01,0.0000000000e+00,3.4999143034e+19,2.9768532091e+20,0.0000000000e+00,2.1975809555e+20,1.6968626809e+18,7.8794523850e+20,4.2431415194e-02,2.1714644704e+02,7.0430569327e+00,2.0026692747e+02,2.3594205901e-05,8.9192518711e-02,2.4230688835e-10,9.7472465230e+00,0.0000000000e+00,0.0000000000e+00,0.0000000000e+00,0.0000000000e+00,0.0000000000e+00,2.3594205901e-05,0.0000000000e+00,6.5230406904e+06,3.1576440000e+02,1.0247466126e+04,1.4906648713e+04,1.0000000000e-02
3.9233800000e+05,1.8142308399e+03,1.8490260675e+03,3.8040072130e-01,0.0000000000e+00,3.3949813422e+19,2.9322950906e+20,0.0000000000e+00,2.1967481232e+20,1.7487655572e+18,7.7675691807e+20,4.2394079088e-02,2.1403257539e+02,7.2520999432e+00,1.9709571259e+02,2.3594205901e-05,9.1839817008e-02,2.5283597383e-10,9.5928994538e+00,0.0000000000e+00,0.0000000000e+00,0.0000000000e+00,0.0000000000e+00,0.0000000000e+00,2.3594205901e-05,0.0000000000e+00,6.5230209955e+06,3.0976140000e+02,1.0236973706e+04,1.4904777037e+04,1.0000000000e-02
4.0234200000e+05,1.8139359262e+03,1.8475575668e+03,3.7539213375e-01,0.0000000000e+00,3.2926827480e+19,2.8874943927e+20,0.0000000000e+00,2.1958913346e+20,1.8016252368e+18,7.6552186158e+20,4.2355524789e-02,2.1090471687e+02,7.4645366897e+00,1.9391258254e+02,2.3478150195e-05,9.4506607141e-02,2.6382316092e-10,9.4330675586e+00,0.0000000000e+00,0.0000000000e+00,0.0000000000e+00,0.0000000000e+00,0.0000000000e+00,2.3478150195e-05,0.0000000000e+00,6.5229853324e+06,3.0051670000e+02,1.0226239951e+04,1.4902905361e+04,1.0000000000e-02
4.1734800000e+05,1.8094312174e+03,1.8431552463e+03,3.6697798274e-01,0.0000000000e+00,3.1353187940e+19,2.8207225532e+20,0.0000000000e+00,2.1944495212e+20,1.8943263270e+18,7.4900502820e+20,4.2293985026e-02,2.0629123099e+02,7.8375864039e+00,1.8922280308e+02,2.1770262290e-05,9.8853121897e-02,2.8853515635e-10,9.1319666215e+00,0.0000000000e+00,0.0000000000e+00,0.0000000000e+00,0.0000000000e+00,0.0000000000e+00,2.1770262290e-05,0.0000000000e+00,6.5226099501e+06,2.9103080000e+02,1.0199681837e+04,1.4900097846e+04,1.0000000000e-02
4.2935300000e+05,1.8094312174e+03,1.8461089993e+03,3.6360160787e-01,0.0000000000e+00,3.0385363375e+19,2.7644439986e+20,0.0000000000e+00,2.1935856446e+20,1.9364190622e+18,7.3468710933e+20,4.2253529129e-02,2.0231633400e+02,8.0040773490e+00,1.8527007542e+02,2.1770262290e-05,1.0095302215e-01,2.9463776676e-10,8.9412064359e+00,0.0000000000e+00,0.0000000000e+00,0.0000000000e+00,0.0000000000e+00,0.0000000000e+00,2.1770262290e-05,0.0000000000e+00,6.5225047368e+06,2.6634430000e+02,1.0192262254e+04,1.4897851798e+04,1.0000000000e-02
4.3935700000e+05,1.8094312174e+03,1.8454307387e+03,3.5937788194e-01,0.0000000000e+00,2.9478052063e+19,2.7185789397e+20,0.0000000000e+00,2.1926824952e+20,1.9882512834e+18,7.2315587557e+20,4.2210441659e-02,1.9910786570e+02,8.2099423438e+00,1.8201045612e+02,2.1770262290e-05,1.0354953546e-01,3.0453494490e-10,8.7838959313e+00,0.0000000000e+00,0.0000000000e+00,0.0000000000e+00,0.0000000000e+00,0.0000000000e+00,2.1770262290e-05,0.0000000000e+00,6.5224962649e+06,2.6042210000e+02,1.0184039987e+04,1.4895980121e+04,1.0000000000e-02
4.4936100000e+05,1.8060162710e+03,1.8398179880e+03,3.5309182111e-01,0.0000000000e+00,2.8427963594e+19,2.6741645750e+20,0.0000000000e+00,2.1915006472e+20,2.0662734334e+18,7.1230252035e+20,4.2157108027e-02,1.9606897584e+02,8.5216394869e+00,1.7886038166e+02,2.0553493593e-05,1.0717062121e-01,3.2649728484e-10,8.5797635190e+00,0.0000000000e+00,0.0000000000e+00,0.0000000000e+00,0.0000000000e+00,0.0000000000e+00,2.0553493593e-05,0.0000000000e+00,6.5222670714e+06,2.5344760000e+02,1.0165557963e+04,1.4894108445e+04,1.0000000000e-02
4.5936600000e+05,1.8057930252e+03,1.8395998230e+03,3.4941918320e-01,0.0000000000e+00,2.7592357538e+19,2.6276334413e+20,0.0000000000e+00,2.1905793922e+20,2.1159887035e+18,7.0058580391e+20,4.2112258602e-02,1.9280974074e+02,8.7174096431e+00,1.7556437986e+02,2.0476199909e-05,1.0961193943e-01,3.3565119883e-10,8.4183188256e+00,0.0000000000e+00,0.0000000000e+00,0.0000000000e+00,0.0000000000e+00,0.0000000000e+00,2.0476199909e-05,0.0000000000e+00,6.5222227014e+06,2.3621330000e+02,1.0157719962e+04,1.4892236582e+04,1.0000000000e-02
4.6937000000e+05,1.8057366871e+03,1.8395447671e+03,3.4587804383e-01,0.0000000000e+00,2.6777894894e+19,2.5809211067e+20,0.0000000000e+00,2.1896409080e+20,2.1656617493e+18,6.8881689426e+20,4.2065700562e-02,1.8953645517e+02,8.9121930383e+00,1.7225345270e+02,2.0456737009e-05,1.1205577674e-01,3.4427405860e-10,8.2587332000e+00,0.0000000000e+00,0.0000000000e+00,0.0000000000e+00,0.0000000000e+00,0.0000000000e+00,2.0456737009e-05,0.0000000000e+00,6.5221942444e+06,2.2962320000e+02,1.0150622931e+04,1.4890364906e+04,1.0000000000e-02
4.7937500000e+05,1.8057366871e+03,1.8396420090e+03,3.4244993769e-01,0.0000000000e+00,2.5982685411e+19,2.5340356912e+20,0.0000000000e+00,2.1886830183e+20,2.2154363269e+18,6.7700218628e+20,4.2017408383e-02,1.8625058709e+02,9.1065602904e+00,1.6893011190e+02,2.0456737009e-05,1.1449961670e-01,3.5251938050e-10,8.0993948266e+00,0.0000000000e+00,0.0000000000e+00,0.0000000000e+00,0.0000000000e+00,0.0000000000e+00,2.0456737009e-05,0.0000000000e+00,6.5221728911e+06,2.2377400000e+02,1.0143831213e+04,1.4888493042e+04,1.0000000000e-02
4.9438300000e+05,1.8034142437e+03,1.8372751955e+03,3.3631839794e-01,0.0000000000e+00,2.4740115301e+19,2.4642452967e+20,0.0000000000e+00,2.1870484237e+20,2.3070165588e+18,6.5961221408e+20,4.1935588384e-02,1.8140222299e+02,9.4647664444e+00,1.6398860010e+02,1.9669257532e-05,1.1876918220e-01,3.7284629917e-10,7.8300675867e+00,0.0000000000e+00,0.0000000000e+00,0.0000000000e+00,0.0000000000e+00,0.0000000000e+00,1.9669257532e-05,0.0000000000e+00,6.5219994274e+06,2.1823020000e+02,1.0127968341e+04,1.4885685154e+04,1.0000000000e-02
5.0638900000e+05,1.8029704280e+03,1.8368414865e+03,3.3225093623e-01,0.0000000000e+00,2.3824567423e+19,2.4076831700e+20,0.0000000000e+00,2.1857866840e+20,2.3716659733e+18,6.4540489017e+20,4.1869815235e-02,1.7744825387e+02,9.7147816703e+00,1.5997900722e+02,1.9522025495e-05,1.2186056835e-01,3.8383054322e-10,7.6325848940e+00,0.0000000000e+00,0.0000000000e+00,0.0000000000e+00,0.0000000000e+00,0.0000000000e+00,1.9522025495e-05,0.0000000000e+00,6.5219648479e+06,2.0423920000e+02,1.0119478975e+04,1.4883438918e+04,1.0000000000e-02
5.1639400000e+05,1.8029704280e+03,1.8375949994e+03,3.2938650469e-01,0.0000000000e+00,2.3109706022e+19,2.3600997981e+20,0.0000000000e+00,2.1847701755e+20,2.4194035900e+18,6.3339118387e+20,4.1815676262e-02,1.7410829909e+02,9.8975094047e+00,1.5661455053e+02,1.9522025495e-05,1.2415267396e-01,3.9002675390e-10,7.4720669505e+00,0.0000000000e+00,0.0000000000e+00,0.0000000000e+00,0.0000000000e+00,0.0000000000e+00,1.9522025495e-05,0.0000000000e+00,6.5219456437e+06,1.9724730000e+02,1.0113724397e+04,1.4881567055e+04,1.0000000000e-02
5.2639900000e+05,1.8029704280e+03,1.8384997515e+03,3.2659711519e-01,0.0000000000e+00,2.2409043021e+19,2.3124022759e+20,0.0000000000e+00,2.1837306310e+20,2.4672792961e+18,6.2134884199e+20,4.1759416950e-02,1.7076037351e+02,1.0079783830e+01,1.5324292412e+02,1.9522025495e-05,1.2643909334e-01,3.9581596844e-10,7.3112069399e+00,0.0000000000e+00,0.0000000000e+00,0.0000000000e+00,0.0000000000e+00,0.0000000000e+00,1.9522025495e-05,0.0000000000e+00,6.5219328428e+06,1.9274070000e+02,1.0108199009e+04,1.4879695192e+04,1.0000000000e-02
5.4140700000e+05,1.8029704280e+03,1.8371353844e+03,3.2142201302e-01,0.0000000000e+00,2.1307047767e+19,2.2414108477e+20,0.0000000000e+00,2.1819459316e+20,2.5582450014e+18,6.0357988893e+20,4.1660075775e-02,1.6581221608e+02,1.0426550892e+01,1.4818496466e+02,1.9522025495e-05,1.3078888036e-01,4.0953961670e-10,7.0698921221e+00,0.0000000000e+00,0.0000000000e+00,0.0000000000e+00,0.0000000000e+00,0.0000000000e+00,1.9522025495e-05,0.0000000000e+00,6.5219965022e+06,1.8846320000e+02,1.0098196690e+04,1.4876887303e+04,1.0000000000e-02
5.6391900000e+05,1.7985244486e+03,1.8324968097e+03,3.1290885035e-01,0.0000000000e+00,1.9653107493e+19,2.1350476518e+20,0.0000000000e+00,2.1789498343e+20,2.7175792684e+18,5.7723681839e+20,4.1491622576e-02,1.5845900639e+02,1.1031674339e+01,1.4063290072e+02,1.8102752638e-05,1.3785693865e-01,4.4234274173e-10,6.6565562832e+00,0.0000000000e+00,0.0000000000e+00,0.0000000000e+00,0.0000000000e+00,0.0000000000e+00,1.8102752638e-05,0.0000000000e+00,6.5218223045e+06,1.8033280000e+02,1.0076056107e+04,1.4872675471e+04,1.0000000000e-02
5.8192800000e+05,1.7985244486e+03,1.8368495902e+03,3.0950018891e-01,0.0000000000e+00,1.8581492213e+19,2.0475939989e+20,0.0000000000e+00,2.1769843124e+20,2.7891767606e+18,5.5502630937e+20,4.1375084612e-02,1.5229121167e+02,1.1290514327e+01,1.3449362105e+02,1.8102752638e-05,1.4109152365e-01,4.4311682884e-10,6.3659666668e+00,0.0000000000e+00,0.0000000000e+00,0.0000000000e+00,0.0000000000e+00,0.0000000000e+00,1.8102752638e-05,0.0000000000e+00,6.5217796889e+06,1.6100010000e+02,1.0068776484e+04,1.4869306117e+04,1.0000000000e-02
5.9633500000e+05,1.7968020976e+03,1.8308137302e+03,3.0356906829e-01,0.0000000000e+00,1.7544674286e+19,1.9795089730e+20,0.0000000000e+00,2.1746753972e+20,2.9132014644e+18,5.3830548345e+20,4.1235758991e-02,1.4761701669e+02,1.1753065955e+01,1.2960173862e+02,1.7579262605e-05,1.4665620379e-01,4.6568871537e-10,6.1155383332e+00,0.0000000000e+00,0.0000000000e+00,0.0000000000e+00,0.0000000000e+00,0.0000000000e+00,1.7579262605e-05,0.0000000000e+00,6.5219026709e+06,1.5596670000e+02,1.0055991176e+04,1.4866610671e+04,1.0000000000e-02
6.0786100000e+05,1.7968020976e+03,1.8324456585e+03,3.0126737195e-01,0.0000000000e+00,1.6877635089e+19,1.9234825032e+20,0.0000000000e+00,2.1732245822e+20,2.9660133177e+18,5.2412994171e+20,4.1145900736e-02,1.4367772815e+02,1.1940055123e+01,1.2565916643e+02,1.7579262605e-05,1.4898947765e-01,4.6600371398e-10,5.9294995375e+00,0.0000000000e+00,0.0000000000e+00,0.0000000000e+00,0.0000000000e+00,0.0000000000e+00,1.7579262605e-05,0.0000000000e+00,6.5219334164e+06,1.4497830000e+02,1.0051314376e+04,1.4864454240e+04,1.0000000000e-02
6.1786700000e+05,1.7968020976e+03,1.8348627709e+03,2.9958426938e-01,0.0000000000e+00,1.6323911662e+19,1.8746326222e+20,0.0000000000e+00,2.1719848422e+20,3.0061222950e+18,5.1172364143e+20,4.1067781426e-02,1.4023255331e+02,1.2078542939e+01,1.2223533653e+02,1.7579262605e-05,1.5071754566e-01,4.6388294698e-10,5.7679387187e+00,0.0000000000e+00,0.0000000000e+00,0.0000000000e+00,0.0000000000e+00,0.0000000000e+00,1.7579262605e-05,0.0000000000e+00,6.5219425617e+06,1.4173910000e+02,1.0047764968e+04,1.4862582190e+04,1.0000000000e-02
6.2787300000e+05,1.7968020976e+03,1.8309081768e+03,2.9581613745e-01,0.0000000000e+00,1.5656306659e+19,1.8269592442e+20,0.0000000000e+00,2.1702338326e+20,3.0940696322e+18,4.9999867369e+20,4.0954562570e-02,1.3695649370e+02,1.2397640421e+01,1.1879837802e+02,1.7579262605e-05,1.5469928332e-01,4.7497540645e-10,5.6057583983e+00,0.0000000000e+00,0.0000000000e+00,0.0000000000e+00,0.0000000000e+00,0.0000000000e+00,1.7579262605e-05,0.0000000000e+00,6.5221864042e+06,1.3943770000e+02,1.0041234831e+04,1.4860710139e+04,1.0000000000e-02
6.4288200000e+05,1.7968020976e+03,1.8316438689e+03,2.9249651295e-01,0.0000000000e+00,1.4804365293e+19,1.7540264436e+20,0.0000000000e+00,2.1680195355e+20,3.1775549247e+18,4.8166108804e+20,4.0807734011e-02,1.3185451228e+02,1.2686511193e+01,1.1364700016e+02,1.7579262605e-05,1.5830384838e-01,4.7580053978e-10,5.3626794928e+00,0.0000000000e+00,0.0000000000e+00,0.0000000000e+00,0.0000000000e+00,0.0000000000e+00,1.7579262605e-05,0.0000000000e+00,6.5223470515e+06,1.3415560000e+02,1.0034786911e+04,1.4857902064e+04,1.0000000000e-02
6.6539600000e+05,1.7956900192e+03,1.8297270165e+03,2.8663424686e-01,0.0000000000e+00,1.3509748175e+19,1.6449481432e+20,0.0000000000e+00,2.1642606462e+20,3.3323870575e+18,4.5448939654e+20,4.0547122133e-02,1.2428069976e+02,1.3219870919e+01,1.0590844066e+02,1.7248795700e-05,1.6480263458e-01,4.8347598275e-10,4.9875682960e+00,0.0000000000e+00,0.0000000000e+00,0.0000000000e+00,0.0000000000e+00,0.0000000000e+00,1.7248795700e-05,0.0000000000e+00,6.5226974176e+06,1.2957970000e+02,1.0022511996e+04,1.4853689857e+04,1.0000000000e-02
6.8340700000e+05,1.7956900192e+03,1.8300307038e+03,2.8279997282e-01,0.0000000000e+00,1.2545315565e+19,1.5571703958e+20,0.0000000000e+00,2.1611897383e+20,3.4421171830e+18,4.3249085463e+20,4.0326160264e-02,1.1815637879e+02,1.3580765911e+01,9.9710601800e+01,1.7248795700e-05,1.6930165321e-01,4.8037430161e-10,4.6956921770e+00,0.0000000000e+00,0.0000000000e+00,0.0000000000e+00,0.0000000000e+00,0.0000000000e+00,1.7248795700e-05,0.0000000000e+00,6.5230560351e+06,1.2011290000e+02,1.0015081946e+04,1.4850320129e+04,1.0000000000e-02
6.9781600000e+05,1.7956900192e+03,1.8319194332e+03,2.8030977634e-01,0.0000000000e+00,1.1817230091e+19,1.4866446012e+20,0.0000000000e+00,2.1587097068e+20,3.5181291125e+18,4.1472068620e+20,4.0142822912e-02,1.1321429143e+02,1.3817562052e+01,9.4761820329e+01,1.7248795700e-05,1.7225362060e-01,4.7259175845e-10,4.4626381785e+00,0.0000000000e+00,0.0000000000e+00,0.0000000000e+00,0.0000000000e+00,0.0000000000e+00,1.7248795700e-05,0.0000000000e+00,6.5233301618e+06,1.1492940000e+02,1.0009931002e+04,1.4847624309e+04,1.0000000000e-02
7.0934300000e+05,1.7938497938e+03,1.8279287777e+03,2.7673005809e-01,0.0000000000e+00,1.1170455414e+19,1.4309576882e+20,0.0000000000e+00,2.1561453468e+20,3.6274767774e+18,4.0110362758e+20,3.9950112743e-02,1.0940460676e+02,1.4178908317e+01,9.0787809116e+01,1.6714648278e-05,1.7648047815e-01,4.8006516750e-10,4.2613921292e+00,0.0000000000e+00,0.0000000000e+00,0.0000000000e+00,0.0000000000e+00,0.0000000000e+00,1.6714648278e-05,0.0000000000e+00,6.5236775052e+06,1.1157560000e+02,1.0001482734e+04,1.4845467691e+04,1.0000000000e-02
7.1935000000e+05,1.7938497938e+03,1.8317415355e+03,2.7588489824e-01,0.0000000000e+00,1.0720402233e+19,1.3815791682e+20,0.0000000000e+00,2.1544696143e+20,3.6584666624e+18,3.8848670288e+20,3.9821380979e-02,1.0590499052e+02,1.4253960898e+01,8.7372513082e+01,1.6714648278e-05,1.7741463438e-01,4.6690983799e-10,4.1010851918e+00,0.0000000000e+00,0.0000000000e+00,0.0000000000e+00,0.0000000000e+00,0.0000000000e+00,1.6714648278e-05,0.0000000000e+00,6.5238308130e+06,1.0456510000e+02,9.9993531699e+03,1.4843595453e+04,1.0000000000e-02
7.2935700000e+05,1.7938497938e+03,1.8284720800e+03,2.7300959048e-01,0.0000000000e+00,1.0184506644e+19,1.3331177176e+20,0.0000000000e+00,2.1520986469e+20,3.7530452108e+18,3.7660705065e+20,3.9633674882e-02,1.0258362529e+02,1.4553527902e+01,8.3910358608e+01,1.6714648278e-05,1.8114325204e-01,4.6745435909e-10,3.9385788160e+00,0.0000000000e+00,0.0000000000e+00,0.0000000000e+00,0.0000000000e+00,0.0000000000e+00,1.6714648278e-05,0.0000000000e+00,6.5243830836e+06,1.0368370000e+02,9.9944851435e+03,1.4841723216e+04,1.0000000000e-02
7.3936500000e+05,1.7911581627e+03,1.8252985903e+03,2.7017330530e-01,0.0000000000e+00,9.6608312584e+18,1.2846020402e+20,0.0000000000e+00,2.1496128205e+20,3.8503019068e+18,3.6477051555e+20,3.9435808324e-02,9.9270322686e+01,1.4856549860e+01,8.0470394209e+01,1.5961098157e-05,1.8448925218e-01,4.7190810270e-10,3.7588734026e+00,0.0000000000e+00,0.0000000000e+00,0.0000000000e+00,0.0000000000e+00,0.0000000000e+00,1.5961098157e-05,0.0000000000e+00,6.5187542399e+06,1.0006380000e+02,9.9858620050e+03,1.4839850791e+04,1.0000000000e-02
7.4937200000e+05,1.7911581627e+03,1.8295587189e+03,2.6967711841e-01,0.0000000000e+00,9.2403178935e+18,1.2351471608e+20,0.0000000000e+00,2.1477640480e+20,3.8743454974e+18,3.5207789883e+20,3.9284462227e-02,9.5752678163e+01,1.4891950787e+01,7.7075489425e+01,1.5961098157e-05,1.8492886236e-01,4.5415578608e-10,3.6002931269e+00,0.0000000000e+00,0.0000000000e+00,0.0000000000e+00,0.0000000000e+00,0.0000000000e+00,1.5961098157e-05,0.0000000000e+00,6.5189569435e+06,9.2688930000e+01,9.9839463688e+03,1.4837978554e+04,1.0000000000e-02
7.5937900000e+05,1.7911581627e+03,1.8265497819e+03,2.6706096598e-01,0.0000000000e+00,8.7382205812e+18,1.1865777997e+20,0.0000000000e+00,2.1451157397e+20,3.9710769209e+18,3.4018570149e+20,3.9060634918e-02,9.2427082459e+01,1.5176793717e+01,7.3622793378e+01,1.5961098157e-05,1.8846605367e-01,4.5056528733e-10,3.4390133486e+00,0.0000000000e+00,0.0000000000e+00,0.0000000000e+00,0.0000000000e+00,0.0000000000e+00,1.5961098157e-05,0.0000000000e+00,6.5196259212e+06,9.2021450000e+01,9.9792079098e+03,1.4836106316e+04,1.0000000000e-02
7.6938700000e+05,1.7911581627e+03,1.8309353631e+03,2.6648761517e-01,0.0000000000e+00,8.3233984069e+18,1.1373467347e+20,0.0000000000e+00,2.1430372906e+20,4.0002793342e+18,3.2759181813e+20,3.8882201311e-02,8.8934655558e+01,1.5218561246e+01,7.0245822822e+01,1.5961098157e-05,1.8898472458e-01,4.3226798594e-10,3.2812708033e+00,0.0000000000e+00,0.0000000000e+00,0.0000000000e+00,0.0000000000e+00,0.0000000000e+00,1.5961098157e-05,0.0000000000e+00,6.5199473776e+06,8.8531140000e+01,9.9771728685e+03,1.4834233892e+04,1.0000000000e-02
7.8439900000e+05,1.7911581627e+03,1.8266990566e+03,2.6288782429e-01,0.0000000000e+00,7.6070004530e+18,1.0645681442e+20,0.0000000000e+00,2.1387651281e+20,4.1463213352e+18,3.0978058078e+20,3.8497558325e-02,8.3953361301e+01,1.5618113528e+01,6.5100365419e+01,1.5961098157e-05,1.9394638138e-01,4.2191595894e-10,3.0409200113e+00,0.0000000000e+00,0.0000000000e+00,0.0000000000e+00,0.0000000000e+00,0.0000000000e+00,1.5961098157e-05,0.0000000000e+00,6.5211610525e+06,8.7744370000e+01,9.9704330007e+03,1.4831425255e+04,1.0000000000e-02
7.9640900000e+05,1.7892183702e+03,1.8234031020e+03,2.6002732065e-01,0.0000000000e+00,7.0487624971e+18,1.0063820752e+20,0.0000000000e+00,2.1350431981e+20,4.2701465044e+18,2.9561661390e+20,3.8157078257e-02,7.9987436666e+01,1.5942600964e+01,6.1007387837e+01,1.5437813861e-05,1.9764680733e-01,4.1501767628e-10,2.8397856185e+00,0.0000000000e+00,0.0000000000e+00,0.0000000000e+00,0.0000000000e+00,0.0000000000e+00,1.5437813861e-05,0.0000000000e+00,6.5221307386e+06,8.2876920000e+01,9.9632206334e+03,1.4829178271e+04,1.0000000000e-02
8.0641700000e+05,1.7892183702e+03,1.8283646617e+03,2.5991370346e-01,0.0000000000e+00,6.6660538479e+18,9.5721687245e+19,0.0000000000e+00,2.1325993923e+20,4.2896772600e+18,2.8296310063e+20,3.7929143267e-02,7.6482485209e+01,1.5919848832e+01,5.7680338807e+01,1.5437813861e-05,1.9736474004e-01,3.9126544459e-10,2.6849173915e+00,0.0000000000e+00,0.0000000000e+00,0.0000000000e+00,0.0000000000e+00,0.0000000000e+00,1.5437813861e-05,0.0000000000e+00,6.5226320018e+06,7.7162530000e+01,9.9615912449e+03,1.4827305846e+04,1.0000000000e-02
8.1642500000e+05,1.7892183702e+03,1.8257235467e+03,2.5770031640e-01,0.0000000000e+00,6.2194240282e+18,9.0879844051e+19,0.0000000000e+00,2.1291721665e+20,4.3954017543e+18,2.7117976536e+20,3.7598872291e-02,7.3183440018e+01,1.6170173668e+01,5.4285871816e+01,1.5437813861e-05,2.0046811725e-01,3.7991111303e-10,2.5269109781e+00,0.0000000000e+00,0.0000000000e+00,0.0000000000e+00,0.0000000000e+00,0.0000000000e+00,1.5437813861e-05,0.0000000000e+00,6.5238045929e+06,7.6781420000e+01,9.9572363454e+03,1.4825433422e+04,1.0000000000e-02
8.2643300000e+05,1.7890271333e+03,1.8232162340e+03,2.5556472893e-01,0.0000000000e+00,5.7833848387e+18,8.6041701752e+19,0.0000000000e+00,2.1255338429e+20,4.5041484334e+18,2.5943151187e+20,3.7241235026e-02,6.9892743496e+01,1.6412658373e+01,5.0907779537e+01,1.5387101337e-05,2.0344090264e-01,3.6730078785e-10,2.3688492954e+00,0.0000000000e+00,0.0000000000e+00,0.0000000000e+00,0.0000000000e+00,0.0000000000e+00,1.5387101337e-05,0.0000000000e+00,6.5251049177e+06,7.3674800000e+01,9.9527538434e+03,1.4823560997e+04,1.0000000000e-02
8.4144500000e+05,1.7890271333e+03,1.8273169884e+03,2.5459791668e-01,0.0000000000e+00,5.2051541182e+18,7.8732951180e+19,0.0000000000e+00,2.1206278210e+20,4.5818796462e+18,2.4100277035e+20,3.6738871529e-02,6.4768319034e+01,1.6470684577e+01,4.5955069926e+01,1.5387101337e-05,2.0416015865e-01,3.3391549877e-10,2.1383889850e+00,0.0000000000e+00,0.0000000000e+00,0.0000000000e+00,0.0000000000e+00,0.0000000000e+00,1.5387101337e-05,0.0000000000e+00,6.5267397781e+06,7.0440570000e+01,9.9491470178e+03,1.4820752360e+04,1.0000000000e-02
8.5345400000e+05,1.7890271333e+03,1.8244080666e+03,2.5219858810e-01,0.0000000000e+00,4.7076287843e+18,7.2949812394e+19,0.0000000000e+00,2.1155440434e+20,4.7247527043e+18,2.2705862771e+20,3.6204343834e-02,6.0857181822e+01,1.6737166007e+01,4.1960045302e+01,1.5387101337e-05,2.0746329343e-01,3.1483256042e-10,1.9524918323e+00,0.0000000000e+00,0.0000000000e+00,0.0000000000e+00,0.0000000000e+00,0.0000000000e+00,1.5387101337e-05,0.0000000000e+00,6.5289251120e+06,6.8706160000e+01,9.9439094388e+03,1.4818505563e+04,1.0000000000e-02
8.6346300000e+05,1.7879383168e+03,1.8221522952e+03,2.5030212862e-01,0.0000000000e+00,4.3054471077e+18,6.8142536901e+19,0.0000000000e+00,2.1109315587e+20,4.8485995387e+18,2.1551530886e+20,3.5714047682e-02,5.7616591799e+01,1.6943476311e+01,3.8667525642e+01,1.5101315866e-05,2.0982431602e-01,2.9855262789e-10,1.7957504280e+00,0.0000000000e+00,0.0000000000e+00,0.0000000000e+00,0.0000000000e+00,0.0000000000e+00,1.5101315866e-05,0.0000000000e+00,6.5309306523e+06,6.4966430000e+01,9.9386764404e+03,1.4816632952e+04,1.0000000000e-02
8.7347200000e+05,1.7879383168e+03,1.8279447034e+03,2.5059654384e-01,0.0000000000e+00,3.9533040282e+18,6.3309770873e+19,0.0000000000e+00,2.1068214159e+20,4.8906879778e+18,2.0325615870e+20,3.5268953798e-02,5.4211628231e+01,1.6877560096e+01,3.5477444470e+01,1.5101315866e-05,2.0900802398e-01,2.7179479248e-10,1.6476005391e+00,0.0000000000e+00,0.0000000000e+00,0.0000000000e+00,0.0000000000e+00,0.0000000000e+00,1.5101315866e-05,0.0000000000e+00,6.5326350189e+06,6.0981830000e+01,9.9368005291e+03,1.4814760340e+04,1.0000000000e-02
8.8348000000e+05,1.7879383168e+03,1.8257614303e+03,2.4884291404e-01,0.0000000000e+00,3.5754035478e+18,5.8527205187e+19,0.0000000000e+00,2.1016415054e+20,5.0100323389e+18,1.9173338194e+20,3.4693960085e-02,5.0979176274e+01,1.7007541272e+01,3.2262697086e+01,1.5101315866e-05,2.1061768253e-01,2.5098814806e-10,1.4983051318e+00,0.0000000000e+00,0.0000000000e+00,0.0000000000e+00,0.0000000000e+00,0.0000000000e+00,1.5101315866e-05,0.0000000000e+00,6.5352796940e+06,6.0354320000e+01,9.9329060502e+03,1.4812887915e+04,1.0000000000e-02
8.9348900000e+05,1.7879383168e+03,1.8236726157e+03,2.4714804344e-01,0.0000000000e+00,3.2011402059e+18,5.3771675799e+19,0.0000000000e+00,2.0957955220e+20,5.1555113357e+18,1.8048590105e+20,3.4036446344e-02,4.7812321020e+01,1.7169714992e+01,2.9079490419e+01,1.5101315866e-05,2.1262600652e-01,2.3055919154e-10,1.3504745002e+00,0.0000000000e+00,0.0000000000e+00,0.0000000000e+00,0.0000000000e+00,0.0000000000e+00,1.5101315866e-05,0.0000000000e+00,6.5385358472e+06,5.7708120000e+01,9.9285060022e+03,1.4811015304e+04,1.0000000000e-02
9.0349800000e+05,1.7875029825e+03,1.8217269094e+03,2.4554372089e-01,0.0000000000e+00,2.8390295787e+18,4.9041608440e+19,0.0000000000e+00,2.0893506220e+20,5.3117743891e+18,1.6939165126e+20,3.3306648439e-02,4.4683305469e+01,1.7310900898e+01,2.5953731146e+01,1.4988444136e-05,2.1429425413e-01,2.0951974080e-10,1.2043641826e+00,0.0000000000e+00,0.0000000000e+00,0.0000000000e+00,0.0000000000e+00,0.0000000000e+00,1.4988444136e-05,0.0000000000e+00,6.5353168268e+06,5.4556470000e+01,9.9236947955e+03,1.4809142692e+04,1.0000000000e-02
9.1350700000e+05,1.7875029825e+03,1.8280443967e+03,2.4609499561e-01,0.0000000000e+00,2.5125971865e+18,4.4320811957e+19,0.0000000000e+00,2.0830397015e+20,5.3961930682e+18,1.5775579314e+20,3.2587835494e-02,4.1433631698e+01,1.7206483071e+01,2.2949191311e+01,1.4988444136e-05,2.1300165010e-01,1.8303637912e-10,1.0649406776e+00,0.0000000000e+00,0.0000000000e+00,0.0000000000e+00,0.0000000000e+00,0.0000000000e+00,1.4988444136e-05,0.0000000000e+00,6.5389074382e+06,5.0993670000e+01,9.9211119691e+03,1.4807270081e+04,1.0000000000e-02
9.2351600000e+05,1.7875029825e+03,1.8262141858e+03,2.4465844926e-01,0.0000000000e+00,2.1818460399e+18,3.9652987427e+19,0.0000000000e+00,2.0754608123e+20,5.5454902661e+18,1.4676650739e+20,3.1719230280e-02,3.8336617499e+01,1.7211221893e+01,1.9984933857e+01,1.4988444136e-05,2.1306031270e-01,1.5948209393e-10,9.2738644755e-01,0.0000000000e+00,0.0000000000e+00,0.0000000000e+00,0.0000000000e+00,0.0000000000e+00,1.4988444136e-05,0.0000000000e+00,6.5437813460e+06,4.9659240000e+01,9.9171468630e+03,1.4805397469e+04,1.0000000000e-02
9.3352500000e+05,1.7875029825e+03,1.8244639049e+03,2.4327515999e-01,0.0000000000e+00,1.8566471297e+18,3.5043047344e+19,0.0000000000e+00,2.0665023771e+20,5.7511521176e+18,1.3636985108e+20,3.0703179786e-02,3.5380770999e+01,1.7277755621e+01,1.7095798253e+01,1.4988444136e-05,2.1388394375e-01,1.3748326727e-10,7.9331819276e-01,0.0000000000e+00,0.0000000000e+00,0.0000000000e+00,0.0000000000e+00,0.0000000000e+00,1.4988444136e-05,0.0000000000e+00,6.5500738152e+06,4.6942530000e+01,9.9121798576e+03,1.4803524857e+04,1.0000000000e-02
9.4353500000e+05,1.7875029825e+03,1.8228605228e+03,2.4199605806e-01,0.0000000000e+00,1.5488326793e+18,3.0497823233e+19,0.0000000000e+00,2.0562343815e+20,5.9814866035e+18,1.2633518739e+20,2.9570074091e-02,3.2515068069e+01,1.7306556463e+01,1.4329314629e+01,1.4988444136e-05,2.1424047372e-01,1.1561989011e-10,6.6494151471e-01,0.0000000000e+00,0.0000000000e+00,0.0000000000e+00,0.0000000000e+00,0.0000000000e+00,1.4988444136e-05,0.0000000000e+00,6.5577098098e+06,4.3223930000e+01,9.9070292647e+03,1.4801652059e+04,1.0000000000e-02
9.5354400000e+05,1.7871892279e+03,1.8214203255e+03,2.4083225568e-01,0.0000000000e+00,1.2610057538e+18,2.6038811981e+19,0.0000000000e+00,2.0443343233e+20,6.2405030649e+18,1.1675093893e+20,2.8314987649e-02,2.9762260979e+01,1.7289662891e+01,1.1715278656e+01,1.4907583676e-05,2.1397364028e-01,9.4455670768e-11,5.4333088367e-01,0.0000000000e+00,0.0000000000e+00,0.0000000000e+00,0.0000000000e+00,0.0000000000e+00,1.4907583676e-05,0.0000000000e+00,6.5669706455e+06,3.9321860000e+01,9.9014473848e+03,1.4799779447e+04,1.0000000000e-02
9.6355400000e+05,1.7871892279e+03,1.8284501643e+03,2.4175849856e-01,0.0000000000e+00,1.0029292420e+18,2.1687760876e+19,0.0000000000e+00,2.0311032702e+20,6.4589775158e+18,1.0712898991e+20,2.7004265849e-02,2.7015389246e+01,1.7066587663e+01,9.3059812219e+00,1.4907583676e-05,2.1121290290e-01,7.3106825444e-11,4.3159255098e-01,0.0000000000e+00,0.0000000000e+00,0.0000000000e+00,0.0000000000e+00,0.0000000000e+00,1.4907583676e-05,0.0000000000e+00,6.5774654204e+06,3.4988380000e+01,9.8971578396e+03,1.4797906649e+04,1.0000000000e-02
9.7356300000e+05,1.7871892279e+03,1.8273490729e+03,2.4091506589e-01,0.0000000000e+00,7.6695791407e+17,1.7490458401e+19,0.0000000000e+00,2.0153335603e+20,6.7156454697e+18,9.8206958257e+19,2.5570442872e-02,2.4446627382e+01,1.6802602723e+01,7.1064797473e+00,1.4907583676e-05,2.0794587456e-01,5.4114045583e-11,3.2958412976e-01,0.0000000000e+00,0.0000000000e+00,0.0000000000e+00,0.0000000000e+00,0.0000000000e+00,1.4907583676e-05,0.0000000000e+00,6.5903633553e+06,3.1947360000e+01,9.8924830423e+03,1.4796034037e+04,1.0000000000e-02
9.8357300000e+05,1.7871892279e+03,1.8262718505e+03,2.4008738058e-01,0.0000000000e+00,5.5545174750e+17,1.3508034345e+19,0.0000000000e+00,1.9958164687e+20,7.0570510209e+18,9.0508947412e+19,2.4015611760e-02,2.2182144968e+01,1.6583166441e+01,5.1546702848e+00,1.4907583676e-05,2.0523017211e-01,3.8232982026e-11,2.3906316213e-01,0.0000000000e+00,0.0000000000e+00,0.0000000000e+00,0.0000000000e+00,0.0000000000e+00,1.4907583676e-05,0.0000000000e+00,6.6064546007e+06,2.8520960000e+01,9.8868088386e+03,1.4794161238e+04,1.0000000000e-02
9.9358300000e+05,1.7871892279e+03,1.8253541951e+03,2.3937982896e-01,0.0000000000e+00,3.7754893643e+17,9.8320171351e+18,0.0000000000e+00,1.9720882414e+20,7.4164563526e+18,8.3750232960e+19,2.2457615382e-02,2.0170032264e+01,1.6297111358e+01,3.5084989207e+00,1.4907583676e-05,2.0169000779e-01,2.5133037290e-11,1.6271707015e-01,0.0000000000e+00,0.0000000000e+00,0.0000000000e+00,0.0000000000e+00,0.0000000000e+00,1.4907583676e-05,0.0000000000e+00,6.6144795545e+06,2.4095280000e+01,9.8812954405e+03,1.4792288439e+04,1.0000000000e-02
1.0035930000e+06,1.7871892279e+03,1.8245993065e+03,2.3879568251e-01,0.0000000000e+00,2.3646982243e+17,6.5868952979e+18,0.0000000000e+00,1.9432947349e+20,7.7415382316e+18,7.7844948002e+19,2.1003967471e-02,1.8407553543e+01,1.5910328559e+01,2.1983517225e+00,1.4907583676e-05,1.9690325608e-01,1.5009210089e-11,1.0195509804e-01,0.0000000000e+00,0.0000000000e+00,0.0000000000e+00,0.0000000000e+00,0.0000000000e+00,1.4907583676e-05,0.0000000000e+00,6.6333639558e+06,1.9830410000e+01,9.8765677928e+03,1.4790415641e+04,1.0000000000e-02
1.0136030000e+06,1.7871892279e+03,1.8239788390e+03,2.3831389341e-01,0.0000000000e+00,1.3264274664e+17,3.9238003423e+18,0.0000000000e+00,1.9084865340e+20,7.9704109653e+18,7.2701670861e+19,1.9764512581e-02,1.6894274926e+01,1.5414071586e+01,1.2322762836e+00,1.4907583676e-05,1.9076167242e-01,7.8966919314e-12,5.7150476888e-02,0.0000000000e+00,0.0000000000e+00,0.0000000000e+00,0.0000000000e+00,0.0000000000e+00,1.4907583676e-05,0.0000000000e+00,6.6512237172e+06,1.6351290000e+01,9.8732192229e+03,1.4788542842e+04,1.0000000000e-02
1.0236130000e+06,1.7871892279e+03,1.8234400691e+03,2.3789409282e-01,0.0000000000e+00,6.3971547724e+16,1.9821949368e+18,0.0000000000e+00,1.8669935313e+20,8.0362403997e+18,6.8159791218e+19,1.8832699525e-02,1.5612626557e+01,1.4808669667e+01,5.9316295576e-01,1.4907583676e-05,1.8326933129e-01,3.5083949230e-12,2.7509695874e-02,0.0000000000e+00,0.0000000000e+00,0.0000000000e+00,0.0000000000e+00,0.0000000000e+00,1.4907583676e-05,0.0000000000e+00,6.6653293677e+06,1.4251240000e+01,9.8718566945e+03,1.4786670043e+04,1.0000000000e-02
1.0336230000e+06,1.7871892279e+03,1.8229063525e+03,2.3747685644e-01,0.0000000000e+00,2.5212574067e+16,8.0351729718e+17,0.0000000000e+00,1.8189642948e+20,7.9034167574e+18,6.4048111068e+19,1.8247234733e-02,1.4529583383e+01,1.4111152671e+01,2.3297395366e-01,1.4907583676e-05,1.7463699116e-01,1.2512229834e-12,1.0804859861e-02,0.0000000000e+00,0.0000000000e+00,0.0000000000e+00,0.0000000000e+00,0.0000000000e+00,1.4907583676e-05,0.0000000000e+00,6.6735668734e+06,1.4137240000e+01,9.8728543256e+03,1.4784797245e+04,1.0000000000e-02
1.0486380000e+06,1.7871892279e+03,1.8219791588e+03,2.3674832423e-01,0.0000000000e+00,0.0000000000e+00,0.0000000000e+00,0.0000000000e+00,1.7392522345e+20,7.4496279908e+18,5.8397685419e+19,1.7819711011e-02,1.3150069381e+01,1.2989301306e+01,0.0000000000e+00,1.4907583676e-05,1.6075316810e-01,0.0000000000e+00,0.0000000000e+00,0.0000000000e+00,0.0000000000e+00,0.0000000000e+00,0.0000000000e+00,0.0000000000e+00,1.4907583676e-05,0.0000000000e+00,6.6753047265e+06,1.6383390000e+01,9.8779691611e+03,1.4781988047e+04,1.0000000000e-02
1.0606500000e+06,1.7866821344e+03,1.8209248224e+03,2.3591239276e-01,0.0000000000e+00,0.0000000000e+00,0.0000000000e+00,0.0000000000e+00,1.6701022552e+20,6.9228101672e+18,5.4268250149e+19,1.7819796287e-02,1.2220190949e+01,1.2070854637e+01,0.0000000000e+00,1.4777756055e-05,1.4932153388e-01,0.0000000000e+00,0.0000000000e+00,0.0000000000e+00,0.0000000000e+00,0.0000000000e+00,0.0000000000e+00,0.0000000000e+00,1.4777756055e-05,0.0000000000e+00,6.6721255737e+06,2.3371020000e+01,9.8845866118e+03,1.4779740688e+04,1.0000000000e-02
1.0706610000e+06,1.7854892306e+03,1.8197591895e+03,2.3497351240e-01,0.0000000000e+00,0.0000000000e+00,0.0000000000e+00,0.0000000000e+00,1.6123481990e+20,6.5091827126e+18,5.1026446255e+19,1.7819995072e-02,1.1490181748e+01,1.1349908152e+01,0.0000000000e+00,1.4476493094e-05,1.4025911900e-01,0.0000000000e+00,0.0000000000e+00,0.0000000000e+00,0.0000000000e+00,0.0000000000e+00,0.0000000000e+00,0.0000000000e+00,1.4476493094e-05,0.0000000000e+00,6.6693240390e+06,3.1486700000e+01,9.8900973240e+03,1.4777867702e+04,1.0000000000e-02
1.0806720000e+06,1.7854892306e+03,1.8268838027e+03,2.3586282330e-01,0.0000000000e+00,0.0000000000e+00,0.0000000000e+00,0.0000000000e+00,1.5551118443e+20,6.0552491074e+18,4.7467998108e+19,1.7819996411e-02,1.0688887937e+01,1.0558395640e+01,0.0000000000e+00,1.4476493094e-05,1.3047781979e-01,0.0000000000e+00,0.0000000000e+00,0.0000000000e+00,0.0000000000e+00,0.0000000000e+00,0.0000000000e+00,0.0000000000e+00,1.4476493094e-05,0.0000000000e+00,6.6541473395e+06,3.8246060000e+01,9.8983425970e+03,1.4775994717e+04,1.0000000000e-02
1.0906830000e+06,1.7854892306e+03,1.8249997987e+03,2.3444562755e-01,0.0000000000e+00,0.0000000000e+00,0.0000000000e+00,0.0000000000e+00,1.4976117803e+20,5.6401096215e+18,4.4213662413e+19,1.7819997825e-02,9.9560743772e+00,9.8345274498e+00,0.0000000000e+00,1.4476493094e-05,1.2153245095e-01,0.0000000000e+00,0.0000000000e+00,0.0000000000e+00,0.0000000000e+00,0.0000000000e+00,0.0000000000e+00,0.0000000000e+00,1.4476493094e-05,0.0000000000e+00,6.6513546714e+06,4.7739980000e+01,9.9071909629e+03,1.4774121731e+04,1.0000000000e-02
1.1006930000e+06,1.7854892306e+03,1.8227036390e+03,2.3270361290e-01,0.0000000000e+00,0.0000000000e+00,0.0000000000e+00,0.0000000000e+00,1.4395127596e+20,5.2975992308e+18,4.1528676214e+19,1.7819999158e-02,9.3514673305e+00,9.2373007701e+00,0.0000000000e+00,1.4476493094e-05,1.1415208392e-01,0.0000000000e+00,0.0000000000e+00,0.0000000000e+00,0.0000000000e+00,0.0000000000e+00,0.0000000000e+00,0.0000000000e+00,1.4476493094e-05,0.0000000000e+00,6.6488908856e+06,5.7837000000e+01,9.9155051555e+03,1.4772248932e+04,1.0000000000e-02
1.1107040000e+06,1.7854892306e+03,1.8200665544e+03,2.3066754045e-01,0.0000000000e+00,0.0000000000e+00,0.0000000000e+00,0.0000000000e+00,1.3813294027e+20,4.9736468952e+18,3.8989169168e+19,1.7820000587e-02,8.7796193801e+00,8.6724333003e+00,0.0000000000e+00,1.4476493094e-05,1.0717160332e-01,0.0000000000e+00,0.0000000000e+00,0.0000000000e+00,0.0000000000e+00,0.0000000000e+00,0.0000000000e+00,0.0000000000e+00,1.4476493094e-05,0.0000000000e+00,6.6463946454e+06,6.7399710000e+01,9.9245014680e+03,1.4770375946e+04,1.0000000000e-02
1.1207160000e+06,1.7854892306e+03,1.8257916454e+03,2.3030637880e-01,0.0000000000e+00,0.0000000000e+00,0.0000000000e+00,0.0000000000e+00,1.3239336403e+20,4.5811384893e+18,3.5912241631e+19,1.7820002591e-02,8.0867547123e+00,7.9880263499e+00,0.0000000000e+00,1.4476493094e-05,9.8713885902e-02,0.0000000000e+00,0.0000000000e+00,0.0000000000e+00,0.0000000000e+00,0.0000000000e+00,0.0000000000e+00,0.0000000000e+00,1.4476493094e-05,0.0000000000e+00,6.6431419682e+06,7.7644680000e+01,9.9376667149e+03,1.4768502773e+04,1.0000000000e-02
1.1307270000e+06,1.7854892306e+03,1.8220313859e+03,2.2752414175e-01,0.0000000000e+00,0.0000000000e+00,0.0000000000e+00,0.0000000000e+00,1.2655662892e+20,4.3002196050e+18,3.3710079746e+19,1.7820004249e-02,7.5908703783e+00,7.4981952175e+00,0.0000000000e+00,1.4476493094e-05,9.2660684223e-02,0.0000000000e+00,0.0000000000e+00,0.0000000000e+00,0.0000000000e+00,0.0000000000e+00,0.0000000000e+00,0.0000000000e+00,1.4476493094e-05,0.0000000000e+00,6.6406144650e+06,9.2058700000e+01,9.9483418730e+03,1.4766629787e+04,1.0000000000e-02
1.1407380000e+06,1.7854892306e+03,1.8268460451e+03,2.2625863837e-01,0.0000000000e+00,0.0000000000e+00,0.0000000000e+00,0.0000000000e+00,1.2078809237e+20,3.9619365611e+18,3.1058232302e+19,1.7820006558e-02,6.9937255393e+00,6.9083396553e+00,0.0000000000e+00,1.4476493094e-05,8.5371407483e-02,0.0000000000e+00,0.0000000000e+00,0.0000000000e+00,0.0000000000e+00,0.0000000000e+00,0.0000000000e+00,0.0000000000e+00,1.4476493094e-05,0.0000000000e+00,6.6373303022e+06,1.0398250000e+02,9.9637995478e+03,1.4764756802e+04,1.0000000000e-02
1.1507490000e+06,1.7854892306e+03,1.8218038586e+03,2.2262693198e-01,0.0000000000e+00,0.0000000000e+00,0.0000000000e+00,0.0000000000e+00,1.1493856345e+20,3.7184372282e+18,2.9149407443e+19,1.7820008479e-02,6.5638950392e+00,6.4837560455e+00,0.0000000000e+00,1.4476493094e-05,8.0124517178e-02,0.0000000000e+00,0.0000000000e+00,0.0000000000e+00,0.0000000000e+00,0.0000000000e+00,0.0000000000e+00,0.0000000000e+00,1.4476493094e-05,0.0000000000e+00,6.6347810833e+06,1.2068880000e+02,9.9764336554e+03,1.4762883816e+04,1.0000000000e-02
1.1607610000e+06,1.7854892306e+03,1.8254519465e+03,2.2039792705e-01,0.0000000000e+00,0.0000000000e+00,0.0000000000e+00,0.0000000000e+00,1.0914917760e+20,3.4250100021e+18,2.6849190942e+19,1.7820011159e-02,6.0459306988e+00,5.9721144349e+00,0.0000000000e+00,1.4476493094e-05,7.3801787462e-02,0.0000000000e+00,0.0000000000e+00,0.0000000000e+00,0.0000000000e+00,0.0000000000e+00,0.0000000000e+00,0.0000000000e+00,1.4476493094e-05,0.0000000000e+00,6.6199257948e+06,1.3457160000e+02,9.9946069150e+03,1.4761010643e+04,1.0000000000e-02
1.1707730000e+06,1.7844872118e+03,1.8187800835e+03,2.1566541534e-01,0.0000000000e+00,0.0000000000e+00,0.0000000000e+00,0.0000000000e+00,1.0328686274e+20,3.2181328095e+18,2.5227716522e+19,1.7820179077e-02,5.6807990098e+00,5.6114991781e+00,0.0000000000e+00,1.4227875863e-05,6.9285603840e-02,0.0000000000e+00,0.0000000000e+00,0.0000000000e+00,0.0000000000e+00,0.0000000000e+00,0.0000000000e+00,0.0000000000e+00,1.4227875863e-05,0.0000000000e+00,6.6174147811e+06,1.5399360000e+02,1.0007823406e+04,1.4759137470e+04,1.0000000000e-02
1.1807840000e+06,1.7844872118e+03,1.8208696832e+03,2.1232495275e-01,0.0000000000e+00,0.0000000000e+00,0.0000000000e+00,0.0000000000e+00,9.7483412707e+19,2.9639010577e+18,2.3234737772e+19,1.7820182123e-02,5.2320192128e+00,5.1681929170e+00,0.0000000000e+00,1.4227875863e-05,6.3812067979e-02,0.0000000000e+00,0.0000000000e+00,0.0000000000e+00,0.0000000000e+00,0.0000000000e+00,0.0000000000e+00,0.0000000000e+00,1.4227875863e-05,0.0000000000e+00,6.6143021013e+06,1.6845890000e+02,1.0029010131e+04,1.4757264484e+04,1.0000000000e-02
1.1907960000e+06,1.7844872118e+03,1.8220638353e+03,2.0821385779e-01,0.0000000000e+00,0.0000000000e+00,0.0000000000e+00,0.0000000000e+00,9.1669393177e+19,2.7331507041e+18,2.1425834879e+19,1.7820185378e-02,4.8246896954e+00,4.7658313877e+00,0.0000000000e+00,1.4227875863e-05,5.8844079811e-02,0.0000000000e+00,0.0000000000e+00,0.0000000000e+00,0.0000000000e+00,0.0000000000e+00,0.0000000000e+00,0.0000000000e+00,1.4227875863e-05,0.0000000000e+00,6.6112208939e+06,1.9089430000e+02,1.0051846987e+04,1.4755391312e+04,1.0000000000e-02
1.2008080000e+06,1.7844872118e+03,1.8221508622e+03,2.0326575811e-01,0.0000000000e+00,0.0000000000e+00,0.0000000000e+00,0.0000000000e+00,8.5846754936e+19,2.5243300463e+18,1.9788843707e+19,1.7820188837e-02,4.4560713315e+00,4.4017088720e+00,0.0000000000e+00,1.4227875863e-05,5.4348231630e-02,0.0000000000e+00,0.0000000000e+00,0.0000000000e+00,0.0000000000e+00,0.0000000000e+00,0.0000000000e+00,0.0000000000e+00,1.4227875863e-05,0.0000000000e+00,6.6081880018e+06,2.1497990000e+02,1.0076272920e+04,1.4753518139e+04,1.0000000000e-02
1.2108200000e+06,1.7844872118e+03,1.8209206672e+03,1.9741285228e-01,0.0000000000e+00,0.0000000000e+00,0.0000000000e+00,0.0000000000e+00,8.0016693084e+19,2.3359732357e+18,1.8312273143e+19,1.7820192487e-02,4.1235765481e+00,4.0732693561e+00,0.0000000000e+00,1.4227875863e-05,5.0292964141e-02,0.0000000000e+00,0.0000000000e+00,0.0000000000e+00,0.0000000000e+00,0.0000000000e+00,0.0000000000e+00,0.0000000000e+00,1.4227875863e-05,0.0000000000e+00,6.6052261804e+06,2.4065460000e+02,1.0102248889e+04,1.4751644966e+04,1.0000000000e-02
1.2208320000e+06,1.7838357658e+03,1.8181435367e+03,1.9057708637e-01,0.0000000000e+00,0.0000000000e+00,0.0000000000e+00,0.0000000000e+00,7.4180001794e+19,2.1669402559e+18,1.6987301873e+19,1.7820303858e-02,3.8252158716e+00,3.7785736445e+00,0.0000000000e+00,1.4068384662e-05,4.6628158685e-02,0.0000000000e+00,0.0000000000e+00,0.0000000000e+00,0.0000000000e+00,0.0000000000e+00,0.0000000000e+00,0.0000000000e+00,1.4068384662e-05,0.0000000000e+00,6.6022622978e+06,2.6787930000e+02,1.0128243889e+04,1.4749771793e+04,1.0000000000e-02
1.2308440000e+06,1.7838357658e+03,1.8253014666e+03,1.8433431808e-01,0.0000000000e+00,0.0000000000e+00,0.0000000000e+00,0.0000000000e+00,6.8406635482e+19,1.9745503060e+18,1.5479104322e+19,1.7820308939e-02,3.4855995727e+00,3.4430971750e+00,0.0000000000e+00,1.4068384662e-05,4.2488329340e-02,0.0000000000e+00,0.0000000000e+00,0.0000000000e+00,0.0000000000e+00,0.0000000000e+00,0.0000000000e+00,0.0000000000e+00,1.4068384662e-05,0.0000000000e+00,6.5876910015e+06,2.9512310000e+02,1.0165418842e+04,1.4747898620e+04,1.0000000000e-02
1.2408570000e+06,1.7838357658e+03,1.8184178563e+03,1.7510433963e-01,0.0000000000e+00,0.0000000000e+00,0.0000000000e+00,0.0000000000e+00,6.2581188433e+19,1.8482580960e+18,1.4489065070e+19,1.7820312849e-02,3.2626622884e+00,3.2228774349e+00,0.0000000000e+00,1.4068384662e-05,3.9770785115e-02,0.0000000000e+00,0.0000000000e+00,0.0000000000e+00,0.0000000000e+00,0.0000000000e+00,0.0000000000e+00,0.0000000000e+00,1.4068384662e-05,0.0000000000e+00,6.5853205919e+06,3.3354680000e+02,1.0193799858e+04,1.4746025260e+04,1.0000000000e-02
1.2508690000e+06,1.7838357658e+03,1.8220534480e+03,1.6618154274e-01,0.0000000000e+00,0.0000000000e+00,0.0000000000e+00,0.0000000000e+00,5.6789943461e+19,1.6988299490e+18,1.3317656868e+19,1.7820318227e-02,2.9988842986e+00,2.9623148263e+00,0.0000000000e+00,1.4068384662e-05,3.6555403915e-02,0.0000000000e+00,0.0000000000e+00,0.0000000000e+00,0.0000000000e+00,0.0000000000e+00,0.0000000000e+00,0.0000000000e+00,1.4068384662e-05,0.0000000000e+00,6.5822859654e+06,3.6317680000e+02,1.0233449550e+04,1.4744152087e+04,1.0000000000e-02
1.2608820000e+06,1.7838357658e+03,1.8233222133e+03,1.5553919974e-01,0.0000000000e+00,0.0000000000e+00,0.0000000000e+00,0.0000000000e+00,5.0986124495e+19,1.5745104249e+18,1.2343082042e+19,1.7820323478e-02,2.7794292975e+00,2.7455349214e+00,0.0000000000e+00,1.4068384662e-05,3.3880307765e-02,0.0000000000e+00,0.0000000000e+00,0.0000000000e+00,0.0000000000e+00,0.0000000000e+00,0.0000000000e+00,0.0000000000e+00,1.4068384662e-05,0.0000000000e+00,6.5795479904e+06,4.0407520000e+02,1.0272346029e+04,1.4742278727e+04,1.0000000000e-02
1.2708940000e+06,1.7838357658e+03,1.8214760259e+03,1.4313946347e-01,0.0000000000e+00,0.0000000000e+00,0.0000000000e+00,0.0000000000e+00,4.5171196013e+19,1.4737470691e+18,1.1553170477e+19,1.7820328385e-02,2.6015568151e+00,2.5698306557e+00,0.0000000000e+00,1.4068384662e-05,3.1712091090e-02,0.0000000000e+00,0.0000000000e+00,0.0000000000e+00,0.0000000000e+00,0.0000000000e+00,0.0000000000e+00,0.0000000000e+00,1.4068384662e-05,0.0000000000e+00,6.5771628321e+06,4.4422060000e+02,1.0308797535e+04,1.4740405554e+04,1.0000000000e-02
1.2809070000e+06,1.7811114326e+03,1.8154815354e+03,1.2893927180e-01,0.0000000000e+00,0.0000000000e+00,0.0000000000e+00,0.0000000000e+00,3.9342488265e+19,1.3965444379e+18,1.0948268211e+19,1.7820781082e-02,2.4653362850e+00,2.4353409356e+00,0.0000000000e+00,1.3419300495e-05,2.9981930127e-02,0.0000000000e+00,0.0000000000e+00,0.0000000000e+00,0.0000000000e+00,0.0000000000e+00,0.0000000000e+00,0.0000000000e+00,1.3419300495e-05,0.0000000000e+00,6.5747927425e+06,4.8192090000e+02,1.0332702703e+04,1.4738532194e+04,1.0000000000e-02
1.2909200000e+06,1.7702729223e+03,1.8048913905e+03,1.1325367590e-01,0.0000000000e+00,0.0000000000e+00,0.0000000000e+00,0.0000000000e+00,3.3506307534e+19,1.3365796921e+18,1.0479356216e+19,1.7822568509e-02,2.3597147310e+00,2.3312713475e+00,0.0000000000e+00,1.1103743957e-05,2.8432279753e-02,0.0000000000e+00,0.0000000000e+00,0.0000000000e+00,0.0000000000e+00,0.0000000000e+00,0.0000000000e+00,0.0000000000e+00,1.1103743957e-05,0.0000000000e+00,6.5715990037e+06,5.0707490000e+02,1.0328493345e+04,1.4736658834e+04,1.0000000000e-02
1.3009330000e+06,1.7702729223e+03,1.8140968683e+03,9.8017517300e-02,0.0000000000e+00,0.0000000000e+00,0.0000000000e+00,0.0000000000e+00,2.7729987452e+19,1.2284194017e+18,9.6313373370e+18,1.7822574382e-02,2.1687607043e+00,2.1426181429e+00,0.0000000000e+00,1.1103743957e-05,2.6131457631e-02,0.0000000000e+00,0.0000000000e+00,0.0000000000e+00,0.0000000000e+00,0.0000000000e+00,0.0000000000e+00,0.0000000000e+00,1.1103743957e-05,0.0000000000e+00,6.5686038947e+06,5.0411450000e+02,1.0382037169e+04,1.4734785474e+04,1.0000000000e-02
1.3109460000e+06,1.7532450964e+03,1.7882550047e+03,7.8794274362e-02,0.0000000000e+00,0.0000000000e+00,0.0000000000e+00,0.0000000000e+00,2.1865429194e+19,1.2212548544e+18,9.5768602592e+18,1.7825376627e-02,2.1564479468e+00,2.1308368134e+00,0.0000000000e+00,8.2056400306e-06,2.5602927827e-02,0.0000000000e+00,0.0000000000e+00,0.0000000000e+00,0.0000000000e+00,0.0000000000e+00,0.0000000000e+00,0.0000000000e+00,8.2056400306e-06,0.0000000000e+00,6.5659085601e+06,5.5890720000e+02,1.0336667030e+04,1.4732912114e+04,1.0000000000e-02
1.3209590000e+06,1.7532450964e+03,1.7913329662e+03,6.0884260978e-02,0.0000000000e+00,0.0000000000e+00,0.0000000000e+00,0.0000000000e+00,1.6103431949e+19,1.1201357945e+18,8.7839058865e+18,1.7825381496e-02,1.9778967634e+00,1.9544055283e+00,0.0000000000e+00,8.2056400306e-06,2.3483029470e-02,0.0000000000e+00,0.0000000000e+00,0.0000000000e+00,0.0000000000e+00,0.0000000000e+00,0.0000000000e+00,0.0000000000e+00,8.2056400306e-06,0.0000000000e+00,6.5524989685e+06,5.1478600000e+02,1.0392373845e+04,1.4731038754e+04,1.0000000000e-02
