t(yr),T_surf(K),T_pot(K),flux_surf(W/m2),flux_OLR(W/m2),flux_ASR(W/m2),phi(vol_frac),fO2_solid(bar),fO2_melt(bar),thick_surf_bl(m),massC_solid(kg),massC_melt(kg),massC_atm(kg),massH_solid(kg),massH_melt(kg),massH_atm(kg),massO_atm(kg),p_surf(bar),p_H2O(bar),p_CO2(bar),p_CO(bar),p_H2(bar),p_CH4(bar),p_O2(bar),mmw(kg/mol),R_trans(m),R_solid(m),viscosity(Pa.s),p_N2(bar),p_NH3(bar),p_S2(bar),p_SO2(bar),p_H2S(bar)
0.0000000000e+00,3.1540476919e+03,3.8799809908e+03,1.0000000000e+03,5.8280241518e+05,1.2243925043e+04,1.0000000000e+00,1.2431473840e+02,1.2431473840e+02,1.0000000000e-02,0.0,5.5822841281e+19,2.1717715874e+20,0.0,4.6888459875e+20,1.1154012289e+18,7.9391500190e+20,2.5765504772e+02,3.8237928388e+00,9.7553355546e+01,3.1828027621e+01,1.3513331108e-01,2.6406536584e-12,1.2431473840e+02,3.5830591088e-02,6.8315934690e+06,NaN,NaN,0.0,0.0,0.0,0.0,0.0
0.0000000000e+00,3.1384091903e+03,3.8799809908e+03,5.7464860000e+05,4.0933957910e+05,1.2243925043e+04,1.0000000000e+00,1.2431473840e+02,1.2431473840e+02,1.0000000000e-02,0.0,5.5822841277e+19,2.1717715872e+20,0.0,4.6888459877e+20,1.1154012290e+18,7.9391500187e+20,2.5765504771e+02,3.8237928392e+00,9.7553355539e+01,3.1828027619e+01,1.3513331109e-01,2.6406536587e-12,1.2431473840e+02,3.5830591088e-02,6.8016791961e+06,NaN,NaN,0.0,0.0,0.0,0.0,0.0
0.0000000000e+00,3.1299508491e+03,3.8799809908e+03,4.0118570000e+05,2.9217861555e+05,1.2243925043e+04,1.0000000000e+00,1.2431473840e+02,1.2431473840e+02,1.0000000000e-02,0.0,5.5822841277e+19,2.1717715872e+20,0.0,4.6888459877e+20,1.1154012290e+18,7.9391500187e+20,2.5765504771e+02,3.8237928392e+00,9.7553355539e+01,3.1828027619e+01,1.3513331109e-01,2.6406536587e-12,1.2431473840e+02,3.5830591088e-02,6.7744108902e+06,NaN,NaN,0.0,0.0,0.0,0.0,0.0
0.0000000000e+00,3.1290196586e+03,3.8799809908e+03,2.8402480000e+05,2.8578815384e+05,1.2243925043e+04,1.0000000000e+00,1.2431473840e+02,1.2431473840e+02,1.0000000000e-02,0.0,5.5822841277e+19,2.1717715872e+20,0.0,4.6888459877e+20,1.1154012290e+18,7.9391500187e+20,2.5765504771e+02,3.8237928392e+00,9.7553355539e+01,3.1828027619e+01,1.3513331109e-01,2.6406536587e-12,1.2431473840e+02,3.5830591088e-02,6.7726205917e+06,NaN,NaN,0.0,0.0,0.0,0.0,0.0
1.0000000000e+00,3.1287430460e+03,3.8799809908e+03,2.7763430000e+05,2.7978680474e+05,1.2243925043e+04,1.0000000000e+00,1.2431473840e+02,1.2431473840e+02,1.0000000000e-02,0.0,5.5822841277e+19,2.1717715872e+20,0.0,4.6888459877e+20,1.1154012290e+18,7.9391500187e+20,2.5765504771e+02,3.8237928392e+00,9.7553355539e+01,3.1828027619e+01,1.3513331109e-01,2.6406536587e-12,1.2431473840e+02,3.5830591088e-02,6.7708556427e+06,NaN,NaN,0.0,0.0,0.0,0.0,0.0
2.0000000000e+00,3.1284751838e+03,3.8799809908e+03,2.7163290000e+05,2.7388170458e+05,1.2243925043e+04,1.0000000000e+00,1.2431473840e+02,1.2431473840e+02,1.0000000000e-02,0.0,5.5822841277e+19,2.1717715872e+20,0.0,4.6888459877e+20,1.1154012290e+18,7.9391500187e+20,2.5765504771e+02,3.8237928392e+00,9.7553355539e+01,3.1828027619e+01,1.3513331109e-01,2.6406536587e-12,1.2431473840e+02,3.5830591088e-02,6.7690912344e+06,NaN,NaN,0.0,0.0,0.0,0.0,0.0
3.2000000000e+01,3.1282126497e+03,3.8799809908e+03,2.6572780000e+05,2.6804885966e+05,1.2243919929e+04,1.0000000000e+00,1.2431473840e+02,1.2431473840e+02,1.0000000000e-02,0.0,5.5819533367e+19,2.1716477718e+20,0.0,4.6888451457e+20,1.1154048460e+18,7.9388710283e+20,2.5764720411e+02,3.8237914659e+00,9.7547442545e+01,3.1826098429e+01,1.3513326256e-01,2.6404917044e-12,1.2431473840e+02,3.5830462030e-02,6.7673368644e+06,NaN,NaN,0.0,0.0,0.0,0.0,0.0
6.2000000000e+01,3.1279550874e+03,3.8799809908e+03,2.5989500000e+05,2.6231401897e+05,1.2243915135e+04,1.0000000000e+00,1.2431473840e+02,1.2431473840e+02,1.0000000000e-02,0.0,5.5816230275e+19,2.1715241366e+20,0.0,4.6888443050e+20,1.1154084579e+18,7.9385924444e+20,2.5763937194e+02,3.8237900946e+00,9.7541538174e+01,3.1824172053e+01,1.3513321410e-01,2.6403299864e-12,1.2431473840e+02,3.5830333153e-02,6.7655819573e+06,NaN,NaN,0.0,0.0,0.0,0.0,0.0
9.2000000000e+01,3.1277096765e+03,3.8799809908e+03,2.5416020000e+05,2.5680714368e+05,1.2243910341e+04,1.0000000000e+00,1.2431473840e+02,1.2431473840e+02,1.0000000000e-02,0.0,5.5812932020e+19,2.1714006821e+20,0.0,4.6888434653e+20,1.1154120648e+18,7.9383142687e+20,2.5763155126e+02,3.8237887252e+00,9.7535642459e+01,3.1822248501e+01,1.3513316570e-01,2.6401685055e-12,1.2431473840e+02,3.5830204457e-02,6.7638586154e+06,NaN,NaN,0.0,0.0,0.0,0.0,0.0
1.0920000000e+03,3.1274687319e+03,3.8799809908e+03,2.4865330000e+05,2.5149760835e+05,1.2243750534e+04,1.0000000000e+00,1.2431473840e+02,1.2431473840e+02,1.0000000000e-02,0.0,5.5703152384e+19,2.1672914922e+20,0.0,4.6888155159e+20,1.1155322652e+18,7.9290555472e+20,2.5737125411e+02,3.8237431394e+00,9.7339414414e+01,3.1758226596e+01,1.3513155469e-01,2.6347940332e-12,1.2431473840e+02,3.5825916588e-02,6.7622893020e+06,NaN,NaN,0.0,0.0,0.0,0.0,0.0
2.6920000000e+03,3.1272429486e+03,3.8799809908e+03,2.4334390000e+05,2.4628520760e+05,1.2243494843e+04,1.0000000000e+00,1.2431473840e+02,1.2431473840e+02,1.0000000000e-02,0.0,5.5527759219e+19,2.1607258448e+20,0.0,4.6887707680e+20,1.1157248677e+18,7.9142635271e+20,2.5695541267e+02,3.8236701555e+00,9.7025927613e+01,3.1655947525e+01,1.3512897544e-01,2.6262082820e-12,1.2431473840e+02,3.5819048430e-02,6.7605405472e+06,NaN,NaN,0.0,0.0,0.0,0.0,0.0
5.2520000000e+03,3.1261494735e+03,3.8222716644e+03,2.3813160000e+05,2.4006008796e+05,1.2243085738e+04,1.0000000000e+00,1.0414036162e+02,1.0414036162e+02,1.0000000000e-02,0.0,5.5888216526e+19,2.1438299909e+20,0.0,4.6888236470e+20,1.1035737991e+18,7.4128414767e+20,2.3710864996e+02,3.8237564013e+00,9.7919944653e+01,3.1091685430e+01,1.3290185101e-01,2.6869156364e-12,1.0414036162e+02,3.6193855697e-02,6.7493468470e+06,NaN,NaN,0.0,0.0,0.0,0.0,0.0
5.5220000000e+03,3.1238498267e+03,3.7462007694e+03,2.3190680000e+05,2.3361308942e+05,1.2243042590e+04,1.0000000000e+00,8.0691750359e+01,8.0691750359e+01,1.0000000000e-02,0.0,5.6764758354e+19,2.1336725722e+20,0.0,4.6889896366e+20,1.0862582829e+18,6.8619100128e+20,2.1499971279e+02,3.8240271366e+00,9.9853003288e+01,3.0501122276e+01,1.2980972861e-01,2.7979893703e-12,8.0691750359e+01,3.6744584108e-02,6.7350119096e+06,NaN,NaN,0.0,0.0,0.0,0.0,0.0
5.8270000000e+03,3.0882588980e+03,3.6621273738e+03,2.2545980000e+05,1.7550800628e+05,1.2242993849e+04,1.0000000000e+00,5.9483851353e+01,5.9483851353e+01,1.0000000000e-02,0.0,5.7764289383e+19,2.1221186205e+20,0.0,4.6891737472e+20,1.0670537189e+18,6.3719195488e+20,1.9530811086e+02,3.8243274390e+00,1.0208400476e+02,2.9789652397e+01,1.2627490575e-01,2.9381386359e-12,5.9483851353e+01,3.7375303183e-02,6.7015194835e+06,NaN,NaN,0.0,0.0,0.0,0.0,0.0
6.1940000000e+03,3.0511310536e+03,3.5870393342e+03,1.6735480000e+05,1.3756434912e+05,1.2242935200e+04,1.0000000000e+00,4.4512043363e+01,4.4512043363e+01,1.0000000000e-02,0.0,5.8634649169e+19,2.1115844042e+20,0.0,4.6893277402e+20,1.0507339363e+18,6.0318718242e+20,1.8161700787e+02,3.8245786259e+00,1.0406451951e+02,2.9092800825e+01,1.2306554272e-01,3.0774677119e-12,4.4512043363e+01,3.7927387701e-02,6.6753238873e+06,NaN,NaN,0.0,0.0,0.0,0.0,0.0
6.6670000000e+03,3.0064762798e+03,3.5124319277e+03,1.2941110000e+05,1.1024749827e+05,1.2242859611e+04,1.0000000000e+00,3.2832525122e+01,3.2832525122e+01,1.0000000000e-02,0.0,5.9450216063e+19,2.1011160659e+20,0.0,4.6894653567e+20,1.0358214890e+18,5.7708932057e+20,1.7107987596e+02,3.8248031071e+00,1.0596618740e+02,2.8336515352e+01,1.1984498167e-01,3.2294882982e-12,3.2832525122e+01,3.8444218695e-02,6.6544876875e+06,NaN,NaN,0.0,0.0,0.0,0.0,0.0
7.2780000000e+03,2.9643714361e+03,3.4365030062e+03,1.0209430000e+05,9.5436180583e+04,1.2242761969e+04,1.0000000000e+00,2.3689240910e+01,2.3689240910e+01,1.0000000000e-02,0.0,6.0209397683e+19,2.0905896132e+20,0.0,4.6895862406e+20,1.0222863680e+18,5.5697459081e+20,1.6292351644e+02,3.8250002992e+00,1.0779277123e+02,2.7499955833e+01,1.1654816853e-01,3.3990109041e-12,2.3689240910e+01,3.8922613393e-02,6.6349925994e+06,NaN,NaN,0.0,0.0,0.0,0.0,0.0
7.9710000000e+03,2.9319809265e+03,3.3632270600e+03,8.7283100000e+04,8.7434842334e+04,1.2242651223e+04,1.0000000000e+00,1.7003117528e+01,1.7003117528e+01,1.0000000000e-02,0.0,6.0867806539e+19,2.0807115090e+20,0.0,4.6896842598e+20,1.0108736929e+18,5.4249146312e+20,1.5701048607e+02,3.8251601971e+00,1.0943655170e+02,2.6632302853e+01,1.1335379958e-01,3.5788055298e-12,1.7003117528e+01,3.9331742707e-02,6.6267216305e+06,NaN,NaN,0.0,0.0,0.0,0.0,0.0
8.6390000000e+03,2.9025039262e+03,3.2992810476e+03,7.9281830000e+04,8.0665241165e+04,1.2242544472e+04,1.0000000000e+00,1.2555315884e+01,1.2555315884e+01,1.0000000000e-02,0.0,6.1383092996e+19,2.0723970327e+20,0.0,4.6897557038e+20,1.0021932796e+18,5.3299861646e+20,1.5309721715e+02,3.8252767453e+00,1.1077364249e+02,2.5832421437e+01,1.1056059468e-01,3.7508285993e-12,1.2555315884e+01,3.9645449505e-02,6.6208934179e+06,NaN,NaN,0.0,0.0,0.0,0.0,0.0
9.3860000000e+03,2.8713121994e+03,3.2341415719e+03,7.2512310000e+04,7.3962502069e+04,1.2242425097e+04,1.0000000000e+00,9.0912233751e+00,9.0912233751e+00,1.0000000000e-02,0.0,6.1852844099e+19,2.0641747478e+20,0.0,4.6898159232e+20,9.9446679904e+17,5.2569783736e+20,1.5004973379e+02,3.8253749836e+00,1.1204345094e+02,2.4981971891e+01,1.0771260193e-01,3.9429800635e-12,9.0912233751e+00,3.9925560353e-02,6.6191444225e+06,NaN,NaN,0.0,0.0,0.0,0.0,0.0
1.0323000000e+04,2.8481470328e+03,3.1603701065e+03,6.5809650000e+04,6.9704519001e+04,1.2242275358e+04,1.0000000000e+00,6.1957028998e+00,6.1957028998e+00,1.0000000000e-02,0.0,6.2321818313e+19,2.0550656690e+20,0.0,4.6898703046e+20,9.8689952593e+17,5.1965762493e+20,1.4748278826e+02,3.8254636996e+00,1.1337460112e+02,2.3982533577e+01,1.0448696243e-01,4.1848871957e-12,6.1957028998e+00,4.0199610820e-02,6.6187364995e+06,NaN,NaN,0.0,0.0,0.0,0.0,0.0
1.1185000000e+04,2.8101874171e+03,3.0972797150e+03,6.1551770000e+04,6.2619956133e+04,1.2242137604e+04,1.0000000000e+00,4.3932889158e+00,4.3932889158e+00,1.0000000000e-02,0.0,6.2677187510e+19,2.0474452960e+20,0.0,4.6899071322e+20,9.8126384192e+17,5.1593482376e+20,1.4585986545e+02,3.8255237792e+00,1.1443494614e+02,2.3104376232e+01,1.0173038195e-01,4.4161966513e-12,4.3932889158e+00,4.0402747870e-02,6.6154760210e+06,NaN,NaN,0.0,0.0,0.0,0.0,0.0
1.2164000000e+04,2.7771816131e+03,3.0342074233e+03,5.4467300000e+04,5.7059749164e+04,1.2241981153e+04,1.0000000000e+00,3.0679557308e+00,3.0679557308e+00,1.0000000000e-02,0.0,6.2989074063e+19,2.0397140482e+20,0.0,4.6899350633e+20,9.7626018873e+17,5.1315850261e+20,1.4461983528e+02,3.8255693458e+00,1.1541923069e+02,2.2208101067e+01,9.8978441956e-02,4.6736520112e-12,3.0679557308e+00,4.0581839894e-02,6.6120045064e+06,NaN,NaN,0.0,0.0,0.0,0.0,0.0
1.3164000000e+04,2.7472337168e+03,2.9766227915e+03,4.8907200000e+04,5.2430357896e+04,1.2241821347e+04,1.0000000000e+00,2.1794107273e+00,2.1794107273e+00,1.0000000000e-02,0.0,6.3239579282e+19,2.0325050074e+20,0.0,4.6899537625e+20,9.7213881720e+17,5.1123173877e+20,1.4373686815e+02,3.8255998517e+00,1.1625741285e+02,2.1377973974e+01,9.6470752659e-02,4.9355264457e-12,2.1794107273e+00,4.0728162200e-02,6.6082763328e+06,NaN,NaN,0.0,0.0,0.0,0.0,0.0
1.4164000000e+04,2.7086341688e+03,2.9247145520e+03,4.4277920000e+04,4.7031249374e+04,1.2241661540e+04,1.0000000000e+00,1.5819666095e+00,1.5819666095e+00,1.0000000000e-02,0.0,6.3438866040e+19,2.0258167159e+20,0.0,4.6899654928e+20,9.6871998344e+17,5.0984885772e+20,1.4308992588e+02,3.8256189885e+00,1.1696551823e+02,2.0622606819e+01,9.4215232036e-02,5.1970047379e-12,1.5819666095e+00,4.0848595817e-02,6.6033934335e+06,NaN,NaN,0.0,0.0,0.0,0.0,0.0
1.5164000000e+04,2.6786136539e+03,2.8793741082e+03,3.8878920000e+04,4.3339263882e+04,1.2241501733e+04,1.0000000000e+00,1.1841097832e+00,1.1841097832e+00,1.0000000000e-02,0.0,6.3588456676e+19,2.0196362197e+20,0.0,4.6899710585e+20,9.6592330491e+17,5.0879646388e+20,1.4259883854e+02,3.8256280684e+00,1.1753931308e+02,1.9957537886e+01,9.2249720248e-02,5.4475184913e-12,1.1841097832e+00,4.0946419472e-02,6.5993736142e+06,NaN,NaN,0.0,0.0,0.0,0.0,0.0
1.6164000000e+04,2.6491481311e+03,2.8384240101e+03,3.5187040000e+04,4.0149224875e+04,1.2241341926e+04,1.0000000000e+00,9.0405178665e-01,9.0405178665e-01,1.0000000000e-02,0.0,6.3705437555e+19,2.0137910071e+20,0.0,4.6899726934e+20,9.6352372163e+17,5.0793008140e+20,1.4219846422e+02,3.8256307357e+00,1.1802415409e+02,1.9354149075e+01,9.0478533826e-02,5.6939140609e-12,9.0405178665e-01,4.1029864316e-02,6.5954878223e+06,NaN,NaN,0.0,0.0,0.0,0.0,0.0
1.7164000000e+04,2.6354610699e+03,2.8012769812e+03,3.1997110000e+04,3.7971393065e+04,1.2241182120e+04,1.0000000000e+00,7.0280070971e-01,7.0280070971e-01,1.0000000000e-02,0.0,6.3795771169e+19,2.0082207896e+20,0.0,4.6899712492e+20,9.6143521173e+17,5.0717433598e+20,1.4185692780e+02,3.8256283797e+00,1.1843456236e+02,1.8805060915e+01,8.8875442611e-02,5.9357883291e-12,7.0280070971e-01,4.1102135683e-02,6.5934361451e+06,NaN,NaN,0.0,0.0,0.0,0.0,0.0
1.8164000000e+04,2.6056231304e+03,2.7667892323e+03,2.9819390000e+04,3.5269266958e+04,1.2241022313e+04,1.0000000000e+00,5.5286999875e-01,5.5286999875e-01,1.0000000000e-02,0.0,6.3867355362e+19,2.0028440367e+20,0.0,4.6899676778e+20,9.5956094887e+17,5.0648683602e+20,1.4155318558e+02,3.8256225531e+00,1.1879250564e+02,1.8294796825e+01,8.7390561074e-02,6.1777570240e-12,5.5286999875e-01,4.1166735499e-02,6.5892478810e+06,NaN,NaN,0.0,0.0,0.0,0.0,0.0
1.9164000000e+04,2.5792930176e+03,2.7341338065e+03,2.7117370000e+04,3.3125553656e+04,1.2240862506e+04,1.0000000000e+00,4.3800837565e-01,4.3800837565e-01,1.0000000000e-02,0.0,6.3925774740e+19,1.9976083644e+20,0.0,4.6899626425e+20,9.5783595674e+17,5.0584584370e+20,1.4127539237e+02,3.8256143386e+00,1.1911372909e+02,1.7812052927e+01,8.5987644036e-02,6.4240772332e-12,4.3800837565e-01,4.1226001259e-02,6.5858753217e+06,NaN,NaN,0.0,0.0,0.0,0.0,0.0
2.0164000000e+04,2.5550180636e+03,2.6961663077e+03,2.4973760000e+04,3.0862961805e+04,1.2240702699e+04,9.9991578266e-01,3.3171535716e-01,3.3171535716e-01,1.0000000000e-02,0.0,6.4002946735e+19,1.9921923726e+20,0.0,4.6899579605e+20,9.5607726366e+17,5.0531344871e+20,1.4101910538e+02,3.8263916629e+00,1.1951732327e+02,1.7259297206e+01,8.4377890731e-02,6.7394348951e-12,3.3171535716e-01,4.1293046559e-02,6.5826175831e+06,NaN,NaN,0.0,0.0,0.0,0.0,0.0
2.1164000000e+04,2.5270546743e+03,2.6594664388e+03,2.2711280000e+04,2.9100869699e+04,1.2240542892e+04,9.9942214126e-01,2.5162854771e-01,2.5162854771e-01,1.0000000000e-02,0.0,6.4045933522e+19,1.9871259344e+20,0.0,4.6899429283e+20,9.5535530366e+17,5.0488290127e+20,1.4080062814e+02,3.8308259682e+00,1.1990628211e+02,1.6728986400e+01,8.2905113088e-02,7.0860947933e-12,2.5162854771e-01,4.1355545446e-02,6.5788817761e+06,NaN,NaN,0.0,0.0,0.0,0.0,0.0
2.2164000000e+04,2.5023171580e+03,2.6250269099e+03,2.0949300000e+04,2.7640088892e+04,1.2240383086e+04,9.9852755310e-01,1.9278002975e-01,1.9278002975e-01,1.0000000000e-02,0.0,6.4051107111e+19,1.9824458739e+20,0.0,4.6899174076e+20,9.5568224175e+17,5.0452785637e+20,1.4061346319e+02,3.8388297365e+00,1.2026573614e+02,1.6234512026e+01,8.1605261571e-02,7.4554958511e-12,1.9278002975e-01,4.1412212346e-02,6.5760040821e+06,NaN,NaN,0.0,0.0,0.0,0.0,0.0
2.3164000000e+04,2.4784229947e+03,2.5924821754e+03,1.9488620000e+04,2.5668878784e+04,1.2240223279e+04,9.9724597553e-01,1.4889522568e-01,1.4889522568e-01,1.0000000000e-02,0.0,6.4021952883e+19,1.9781151391e+20,0.0,4.6898820271e+20,9.5699201735e+17,5.0423747800e+20,1.4045222711e+02,3.8502681000e+00,1.2060210113e+02,1.5770506903e+01,8.0455749342e-02,7.8508022799e-12,1.4889522568e-01,4.1464068135e-02,6.5724560198e+06,NaN,NaN,0.0,0.0,0.0,0.0,0.0
2.4164000000e+04,2.4560469356e+03,2.5627865702e+03,1.7517520000e+04,2.4623651922e+04,1.2240063472e+04,9.9565469114e-01,1.1695465632e-01,1.1695465632e-01,1.0000000000e-02,0.0,6.3959239270e+19,1.9741289851e+20,0.0,4.6898381478e+20,9.5914808441e+17,5.0397961332e+20,1.4030918623e+02,3.8644561432e+00,1.2089914030e+02,1.5349155300e+01,7.9479831439e-02,8.2570770105e-12,1.1695465632e-01,4.1509918732e-02,6.5695197045e+06,NaN,NaN,0.0,0.0,0.0,0.0,0.0
2.5164000000e+04,2.4344831265e+03,2.5344381161e+03,1.6472400000e+04,2.2886493892e+04,1.2239903665e+04,9.9371299312e-01,9.2384999232e-02,9.2384999232e-02,1.0000000000e-02,0.0,6.3868414869e+19,1.9704305771e+20,0.0,4.6897855899e+20,9.6216569389e+17,5.0377247372e+20,1.4018506173e+02,3.8817762658e+00,1.2118232920e+02,1.4949952624e+01,7.8618639058e-02,8.6929674400e-12,9.2384999232e-02,4.1552419416e-02,6.5661630758e+06,NaN,NaN,0.0,0.0,0.0,0.0,0.0
2.6164000000e+04,2.4183947254e+03,2.5087043344e+03,1.4735350000e+04,2.0960016528e+04,1.2239743858e+04,9.9155354944e-01,7.4235419709e-02,7.4235419709e-02,1.0000000000e-02,0.0,6.3751758143e+19,1.9669992292e+20,0.0,4.6897267061e+20,9.6580889984e+17,5.0357497595e+20,1.4007081286e+02,3.9010699895e+00,1.2142865151e+02,1.4588954867e+01,7.7901070611e-02,9.1350112714e-12,7.4235419709e-02,4.1589841785e-02,6.5638054452e+06,NaN,NaN,0.0,0.0,0.0,0.0,0.0
2.7164000000e+04,2.3966802277e+03,2.4860076119e+03,1.2808970000e+04,2.0037657044e+04,1.2239584052e+04,9.8930587363e-01,6.0979169657e-02,6.0979169657e-02,1.0000000000e-02,0.0,6.3615273067e+19,1.9637731680e+20,0.0,4.6896641638e+20,9.6980896370e+17,5.0335706503e+20,1.3995855407e+02,3.9212037140e+00,1.2162834190e+02,1.4270706961e+01,7.7322324284e-02,9.5662582272e-12,6.0979169657e-02,4.1621854381e-02,6.5608903127e+06,NaN,NaN,0.0,0.0,0.0,0.0,0.0
2.8164000000e+04,2.3806317561e+03,2.4646312149e+03,1.1886720000e+04,1.9945748221e+04,1.2239424245e+04,9.8686743723e-01,5.0496473001e-02,5.0496473001e-02,1.0000000000e-02,0.0,6.3461367522e+19,1.9607279799e+20,0.0,4.6895964248e+20,9.7431893632e+17,5.0315551581e+20,1.3985435094e+02,3.9431235758e+00,1.2181149605e+02,1.3972407715e+01,7.6827120744e-02,1.0013795932e-11,5.0496473001e-02,4.1651176589e-02,6.5599450804e+06,NaN,NaN,0.0,0.0,0.0,0.0,0.0
2.9164000000e+04,2.3629243258e+03,2.4431887688e+03,1.1794910000e+04,1.9339705407e+04,1.2239264438e+04,9.8407312415e-01,4.1652480151e-02,4.1652480151e-02,1.0000000000e-02,0.0,6.3286961796e+19,1.9578889256e+20,0.0,4.6895202924e+20,9.7965474918e+17,5.0301309047e+20,1.3976687174e+02,3.9683594224e+00,1.2200421023e+02,1.3676265452e+01,7.6384163542e-02,1.0510113719e-11,4.1652480151e-02,4.1679801085e-02,6.5576731852e+06,NaN,NaN,0.0,0.0,0.0,0.0,0.0
3.0164000000e+04,2.3463629846e+03,2.4225863658e+03,1.1188980000e+04,1.8696442301e+04,1.2239104631e+04,9.8103391273e-01,3.4505326475e-02,3.4505326475e-02,1.0000000000e-02,0.0,6.3094582847e+19,1.9552349626e+20,0.0,4.6894377412e+20,9.8561932932e+17,5.0290009625e+20,1.3968974810e+02,3.9959613980e+00,1.2218961057e+02,1.3393658193e+01,7.6012606355e-02,1.1037106815e-11,3.4505326475e-02,4.1706474085e-02,6.5554433720e+06,NaN,NaN,0.0,0.0,0.0,0.0,0.0
3.1164000000e+04,2.3302926952e+03,2.4028655043e+03,1.0545820000e+04,1.7947648133e+04,1.2238944825e+04,9.7778237476e-01,2.8726992618e-02,2.8726992618e-02,1.0000000000e-02,0.0,6.2886084369e+19,1.9527476098e+20,0.0,4.6893493637e+20,9.9215220677e+17,5.0281022557e+20,1.3962121176e+02,4.0256860776e+00,1.2236628874e+02,1.3124801344e+01,7.5708603610e-02,1.1593426698e-11,2.8726992618e-02,4.1731207573e-02,6.5535762253e+06,NaN,NaN,0.0,0.0,0.0,0.0,0.0
3.2164000000e+04,2.3151211653e+03,2.3843662128e+03,9.7971270000e+03,1.7298256985e+04,1.2238785018e+04,9.7438639112e-01,2.4122332890e-02,2.4122332890e-02,1.0000000000e-02,0.0,6.2663953464e+19,1.9504011064e+20,0.0,4.6892564247e+20,9.9912528386e+17,5.0272736666e+20,1.3955742907e+02,4.0569596819e+00,1.2252714934e+02,1.2873721630e+01,7.5476085931e-02,1.2168159877e-11,2.4122332890e-02,4.1753592983e-02,6.5514075879e+06,NaN,NaN,0.0,0.0,0.0,0.0,0.0
3.3164000000e+04,2.3006651321e+03,2.3668721162e+03,9.1478390000e+03,1.6486702638e+04,1.2238625211e+04,9.7085434581e-01,2.0396716475e-02,2.0396716475e-02,1.0000000000e-02,0.0,6.2429797169e+19,1.9481803420e+20,0.0,4.6891591132e+20,1.0065193098e+18,5.0265303470e+20,1.3949828311e+02,4.0897487012e+00,1.2267548048e+02,1.2637352451e+01,7.5304758774e-02,1.2764593561e-11,2.0396716475e-02,4.1774009372e-02,6.5495896734e+06,NaN,NaN,0.0,0.0,0.0,0.0,0.0
3.4164000000e+04,2.2872214334e+03,2.3507314415e+03,8.3363890000e+03,1.6297084025e+04,1.2238465404e+04,9.6729777426e-01,1.7432437014e-02,1.7432437014e-02,1.0000000000e-02,0.0,6.2188514752e+19,1.9460355058e+20,0.0,4.6890597632e+20,1.0140996125e+18,5.0256430299e+20,1.3943810788e+02,4.1230478734e+00,1.2280283808e+02,1.2419597481e+01,7.5192010121e-02,1.3365812259e-11,1.7432437014e-02,4.1792112489e-02,6.5480886363e+06,NaN,NaN,0.0,0.0,0.0,0.0,0.0
3.5164000000e+04,2.2738443447e+03,2.3348278172e+03,8.1468740000e+03,1.5623366301e+04,1.2238305597e+04,9.6348144076e-01,1.4901290284e-02,1.4901290284e-02,1.0000000000e-02,0.0,6.1931721498e+19,1.9440493919e+20,0.0,4.6889532683e+20,1.0223759437e+18,5.0251372787e+20,1.3938902835e+02,4.1591113435e+00,1.2293309217e+02,1.2206794438e+01,7.5129106931e-02,1.4014426314e-11,1.4901290284e-02,4.1809270075e-02,6.5465374312e+06,NaN,NaN,0.0,0.0,0.0,0.0,0.0
3.6164000000e+04,2.2613039469e+03,2.3200477088e+03,7.4732590000e+03,1.5018905108e+04,1.2238145791e+04,9.5965810031e-01,1.2854220717e-02,1.2854220717e-02,1.0000000000e-02,0.0,6.1669932650e+19,1.9421172731e+20,0.0,4.6888450370e+20,1.0308062258e+18,5.0244889661e+20,1.3933839677e+02,4.1955991979e+00,1.2304553740e+02,1.2009292596e+01,7.5113357747e-02,1.4670727617e-11,1.2854220717e-02,4.1824523302e-02,6.5451021795e+06,NaN,NaN,0.0,0.0,0.0,0.0,0.0
3.7164000000e+04,2.2496514853e+03,2.3063678965e+03,6.8689010000e+03,1.4603029646e+04,1.2237985984e+04,9.5583884302e-01,1.1191853088e-02,1.1191853088e-02,1.0000000000e-02,0.0,6.1403982120e+19,1.9402305170e+20,0.0,4.6887353146e+20,1.0393654750e+18,5.0236816856e+20,1.3928566982e+02,4.2324130366e+00,1.2314031032e+02,1.1826611585e+01,7.5143021424e-02,1.5331206968e-11,1.1191853088e-02,4.1837944770e-02,6.5433523937e+06,NaN,NaN,0.0,0.0,0.0,0.0,0.0
3.8164000000e+04,2.2385301585e+03,2.2933844582e+03,6.4531290000e+03,1.4255091092e+04,1.2237826177e+04,9.5196769648e-01,9.7981024522e-03,9.7981024522e-03,1.0000000000e-02,0.0,6.1132473315e+19,1.9384038715e+20,0.0,4.6886228823e+20,1.0481757342e+18,5.0228630888e+20,1.3923407050e+02,4.2701183187e+00,1.2322526569e+02,1.1653678073e+01,7.5210324551e-02,1.6009929955e-11,9.7981024522e-03,4.1850072803e-02,6.5419375994e+06,NaN,NaN,0.0,0.0,0.0,0.0,0.0
3.9164000000e+04,2.2280094676e+03,2.2809733720e+03,6.1052940000e+03,1.3608098201e+04,1.2237666370e+04,9.4802740661e-01,8.6158450866e-03,8.6158450866e-03,1.0000000000e-02,0.0,6.0854985371e+19,1.9366402167e+20,0.0,4.6885072931e+20,1.0572804812e+18,5.0220755380e+20,1.3918448907e+02,4.3089122588e+00,1.2330277216e+02,1.1488875507e+01,7.5313300772e-02,1.6711549853e-11,8.6158450866e-03,4.1861073934e-02,6.5408705870e+06,NaN,NaN,0.0,0.0,0.0,0.0,0.0
4.0164000000e+04,2.2185051167e+03,2.2698521545e+03,5.4584040000e+03,1.4059333275e+04,1.2237506563e+04,9.4425441147e-01,7.6689044984e-03,7.6689044984e-03,1.0000000000e-02,0.0,6.0581829596e+19,1.9348365370e+20,0.0,4.6883940053e+20,1.0661333093e+18,5.0208419975e+20,1.3912524132e+02,4.3464603310e+00,1.2335527730e+02,1.1340389225e+01,7.5445557239e-02,1.7389364911e-11,7.6689044984e-03,4.1870261552e-02,6.5403763422e+06,NaN,NaN,0.0,0.0,0.0,0.0,0.0
4.1164000000e+04,2.2080873678e+03,2.2576324300e+03,5.9097420000e+03,1.3778307786e+04,1.2237346757e+04,9.3988547779e-01,6.7387762327e-03,6.7387762327e-03,1.0000000000e-02,0.0,6.0280117680e+19,1.9333187057e+20,0.0,4.6882649987e+20,1.0765351210e+18,5.0207104238e+20,1.3909402522e+02,4.3904556427e+00,1.2344063052e+02,1.1180572246e+01,7.5628031491e-02,1.8196024528e-11,6.7387762327e-03,4.1879968227e-02,6.5391646186e+06,NaN,NaN,0.0,0.0,0.0,0.0,0.0
4.2764000000e+04,2.1914856405e+03,2.2389016135e+03,5.6288190000e+03,1.3014668577e+04,1.2237091066e+04,9.3258018362e-01,5.5118579386e-03,5.5118579386e-03,1.0000000000e-02,0.0,5.9777105410e+19,1.9310985516e+20,0.0,4.6880468399e+20,1.0943138080e+18,5.0208971420e+20,1.3905650078e+02,4.4652825198e+00,1.2357239997e+02,1.0937294448e+01,7.6011978032e-02,1.9577390935e-11,5.5118579386e-03,4.1893387419e-02,6.5372697399e+06,NaN,NaN,0.0,0.0,0.0,0.0,0.0
4.4044000000e+04,2.1798438706e+03,2.2257427623e+03,4.8653450000e+03,1.2537228265e+04,1.2236886513e+04,9.2700299291e-01,4.7761316454e-03,4.7761316454e-03,1.0000000000e-02,0.0,5.9382816719e+19,1.9292477861e+20,0.0,4.6878750210e+20,1.1082125571e+18,5.0203747111e+20,1.3901160325e+02,4.5235090495e+00,1.2364146753e+02,1.0765490748e+01,7.6359788711e-02,2.0662179987e-11,4.7761316454e-03,4.1901548443e-02,6.5359114866e+06,NaN,NaN,0.0,0.0,0.0,0.0,0.0
4.5068000000e+04,2.1714302716e+03,2.2161821755e+03,4.3880360000e+03,1.2514940073e+04,1.2236722871e+04,9.2267307066e-01,4.2992940081e-03,4.2992940081e-03,1.0000000000e-02,0.0,5.9071273580e+19,1.9277319051e+20,0.0,4.6877385177e+20,1.1192025354e+18,5.0196156627e+20,1.3896818566e+02,4.5693925820e+00,1.2367770648e+02,1.0640124736e+01,7.6662561211e-02,2.1520827741e-11,4.2992940081e-03,4.1906690593e-02,6.5349116414e+06,NaN,NaN,0.0,0.0,0.0,0.0,0.0
4.6068000000e+04,2.1630167317e+03,2.2067977290e+03,4.3658530000e+03,1.2555423445e+04,1.2236563064e+04,9.1816768032e-01,3.8740472786e-03,3.8740472786e-03,1.0000000000e-02,0.0,5.8752193013e+19,1.9264026246e+20,0.0,4.6875960732e+20,1.1308227160e+18,5.0193322855e+20,1.3893813963e+02,4.6177850659e+00,1.2372117171e+02,1.0518302015e+01,7.7006792850e-02,2.2433348697e-11,3.8740472786e-03,4.1911143440e-02,6.5340470340e+06,NaN,NaN,0.0,0.0,0.0,0.0,0.0
4.7068000000e+04,2.1544102959e+03,2.1972022701e+03,4.4064390000e+03,1.1992404629e+04,1.2236403257e+04,9.1327532631e-01,3.4793960888e-03,3.4793960888e-03,1.0000000000e-02,0.0,5.8412759189e+19,1.9252791707e+20,0.0,4.6874411917e+20,1.1436588574e+18,5.0197113408e+20,1.3892568788e+02,4.6711127160e+00,1.2377831880e+02,1.0395364282e+01,7.7412691605e-02,2.3447969757e-11,3.4793960888e-03,4.1915047159e-02,6.5329340656e+06,NaN,NaN,0.0,0.0,0.0,0.0,0.0
4.8068000000e+04,2.1472714934e+03,2.1888760203e+03,3.8435220000e+03,1.2076324661e+04,1.2236243451e+04,9.0872906881e-01,3.1671989148e-03,3.1671989148e-03,1.0000000000e-02,0.0,5.8087755344e+19,1.9240145940e+20,0.0,4.6872928466e+20,1.1558115895e+18,5.0193697873e+20,1.3889592162e+02,4.7214448965e+00,1.2380616129e+02,1.0287325104e+01,7.7823127865e-02,2.4403046971e-11,3.1671989148e-03,4.1917526792e-02,6.5326618647e+06,NaN,NaN,0.0,0.0,0.0,0.0,0.0
4.9068000000e+04,2.1399841453e+03,2.1803641917e+03,3.9275450000e+03,1.1914250198e+04,1.2236083644e+04,9.0386744406e-01,2.8747989286e-03,2.8747989286e-03,1.0000000000e-02,0.0,5.7745909246e+19,1.9229192413e+20,0.0,4.6871334232e+20,1.1690423514e+18,5.0195817090e+20,1.3888081101e+02,4.7761492318e+00,1.2384527566e+02,1.0178224394e+01,7.8286930307e-02,2.5455605162e-11,2.8747989286e-03,4.1919514136e-02,6.5318300389e+06,NaN,NaN,0.0,0.0,0.0,0.0,0.0
5.0068000000e+04,2.1321607975e+03,2.1720414018e+03,3.7655730000e+03,1.1517282957e+04,1.2235923837e+04,8.9905210762e-01,2.6130370610e-03,2.6130370610e-03,1.0000000000e-02,0.0,5.7405782661e+19,1.9218085910e+20,0.0,4.6869726044e+20,1.1823812015e+18,5.0197114446e+20,1.3886378685e+02,4.8312542033e+00,1.2387950478e+02,1.0071657511e+01,7.8757320021e-02,2.6544148232e-11,2.6130370610e-03,4.1921101544e-02,6.5311451733e+06,NaN,NaN,0.0,0.0,0.0,0.0,0.0
5.1068000000e+04,2.1253479357e+03,2.1644527948e+03,3.3687080000e+03,1.1671036297e+04,1.2235764030e+04,8.9462302322e-01,2.3936190073e-03,2.3936190073e-03,1.0000000000e-02,0.0,5.7084339329e+19,1.9205135307e+20,0.0,4.6868200813e+20,1.1948590780e+18,5.0191237089e+20,1.3882859563e+02,4.8827538677e+00,1.2389096337e+02,9.9732865763e+00,7.9198196602e-02,2.7585543821e-11,2.3936190073e-03,4.1922151946e-02,6.5303813741e+06,NaN,NaN,0.0,0.0,0.0,0.0,0.0
5.2068000000e+04,2.1182140052e+03,2.1565908989e+03,3.5225640000e+03,1.1377902332e+04,1.2235604223e+04,8.8988590584e-01,2.1842542519e-03,2.1842542519e-03,1.0000000000e-02,0.0,5.6746737057e+19,1.9193820167e+20,0.0,4.6866562359e+20,1.2084392198e+18,5.0190979423e+20,1.3880811744e+02,4.9387379876e+00,1.2391475675e+02,9.8727496969e+00,7.9688755913e-02,2.8739273441e-11,2.1842542519e-03,4.1922818026e-02,6.5296454787e+06,NaN,NaN,0.0,0.0,0.0,0.0,0.0
5.3068000000e+04,2.1121072146e+03,2.1495695159e+03,3.2295330000e+03,1.1338748021e+04,1.2235444417e+04,8.8544087487e-01,2.0116334959e-03,2.0116334959e-03,1.0000000000e-02,0.0,5.6422308850e+19,1.9181208001e+20,0.0,4.6864980894e+20,1.2214172205e+18,5.0184920880e+20,1.3877335791e+02,4.9921276026e+00,1.2391721679e+02,9.7818283612e+00,8.0173527928e-02,2.9844526826e-11,2.0116334959e-03,4.1922645512e-02,6.5292949734e+06,NaN,NaN,0.0,0.0,0.0,0.0,0.0
5.4068000000e+04,2.1058749964e+03,2.1427062388e+03,3.1904810000e+03,1.1255561837e+04,1.2235284610e+04,8.8096940993e-01,1.8550968395e-03,1.8550968395e-03,1.0000000000e-02,0.0,5.6095831782e+19,1.9168812472e+20,0.0,4.6863366039e+20,1.2346975121e+18,5.0179232765e+20,1.3873983726e+02,5.0466955665e+00,1.2391747613e+02,9.6931326343e+00,8.0677836832e-02,3.0992234378e-11,1.8550968395e-03,4.1922006801e-02,6.5287011604e+06,NaN,NaN,0.0,0.0,0.0,0.0,0.0
5.5668000000e+04,2.0960711878e+03,2.1319139947e+03,3.1073980000e+03,1.0790819736e+04,1.2235028919e+04,8.7388125917e-01,1.6314449064e-03,1.6314449064e-03,1.0000000000e-02,0.0,5.5576406903e+19,1.9148708398e+20,0.0,4.6860750803e+20,1.2562092212e+18,5.0169090105e+20,1.3868364503e+02,5.1350164786e+00,1.2391162196e+02,9.5538802830e+00,8.1494859608e-02,3.2911473128e-11,1.6314449064e-03,4.1920443584e-02,6.5274500387e+06,NaN,NaN,0.0,0.0,0.0,0.0,0.0
5.6948000000e+04,2.0897166639e+03,2.1245753952e+03,2.6428200000e+03,1.1197692745e+04,1.2234824366e+04,8.6896201961e-01,1.4938258550e-03,1.4938258550e-03,1.0000000000e-02,0.0,5.5198353202e+19,1.9128932343e+20,0.0,4.6858845134e+20,1.2714884091e+18,5.0146930846e+20,1.3860289752e+02,5.1976429020e+00,1.2386522924e+02,9.4564519778e+00,8.2079578085e-02,3.4301533930e-11,1.4938258550e-03,4.1918562442e-02,6.5273405787e+06,NaN,NaN,0.0,0.0,0.0,0.0,0.0
5.8996000000e+04,2.0770982231e+03,2.1109439320e+03,3.0498250000e+03,1.0763328879e+04,1.2234497082e+04,8.5971169279e-01,1.2661422071e-03,1.2661422071e-03,1.0000000000e-02,0.0,5.4523003968e+19,1.9104332544e+20,0.0,4.6855282322e+20,1.3009923915e+18,5.0137639028e+20,1.3854102122e+02,5.3185277342e+00,1.2385555558e+02,9.2824603521e+00,8.3211404898e-02,3.7115900389e-11,1.2661422071e-03,4.1914717320e-02,6.5261982821e+06,NaN,NaN,0.0,0.0,0.0,0.0,0.0
6.0634000000e+04,2.0684280629e+03,2.1014826578e+03,2.6156720000e+03,1.0719731950e+04,1.2234235319e+04,8.5327434732e-01,1.1273857106e-03,1.1273857106e-03,1.0000000000e-02,0.0,5.4031619698e+19,1.9079840442e+20,0.0,4.6852664110e+20,1.3221603277e+18,5.0112510448e+20,1.3844610142e+02,5.4051348084e+00,1.2379711807e+02,9.1587024464e+00,8.4018707760e-02,3.9216457537e-11,1.1273857106e-03,4.1911089053e-02,6.5252659060e+06,NaN,NaN,0.0,0.0,0.0,0.0,0.0
6.1945000000e+04,2.0613745150e+03,2.0937410151e+03,2.5722440000e+03,1.0475214361e+04,1.2234025812e+04,8.4814827562e-01,1.0244114988e-03,1.0244114988e-03,1.0000000000e-02,0.0,5.3640650173e+19,1.9060042800e+20,0.0,4.6850534826e+20,1.3393719962e+18,5.0092393127e+20,1.3836978785e+02,5.4755605577e+00,1.2375044279e+02,9.0581004038e+00,8.4659689920e-02,4.1010289549e-11,1.0244114988e-03,4.1908148231e-02,6.5245050428e+06,NaN,NaN,0.0,0.0,0.0,0.0,0.0
6.2993000000e+04,2.0552851742e+03,2.0870280402e+03,2.3278620000e+03,1.0415477574e+04,1.2233858334e+04,8.4444895655e-01,9.4220790299e-04,9.4220790299e-04,1.0000000000e-02,0.0,5.3352023377e+19,1.9041848543e+20,0.0,4.6848946253e+20,1.3519509757e+18,5.0070400946e+20,1.3829201472e+02,5.5272509833e+00,1.2370763856e+02,8.9711210112e+00,8.5061953165e-02,4.2482302455e-11,9.4220790299e-04,4.1907198206e-02,6.5241311984e+06,NaN,NaN,0.0,0.0,0.0,0.0,0.0
6.3993000000e+04,2.0506111923e+03,2.0820818069e+03,2.2682340000e+03,1.0458598560e+04,1.2233698527e+04,8.4098578456e-01,8.8557598821e-04,8.8557598821e-04,1.0000000000e-02,0.0,5.3075908435e+19,1.9024570925e+20,0.0,4.6847426184e+20,1.3639645861e+18,5.0046330877e+20,1.3821181904e+02,5.5762690135e+00,1.2364415574e+02,8.9049873297e+00,8.5521382927e-02,4.3760008474e-11,8.8557598821e-04,4.1904280078e-02,6.5235165356e+06,NaN,NaN,0.0,0.0,0.0,0.0,0.0
6.4993000000e+04,2.0466981697e+03,2.0778366302e+03,2.3114580000e+03,1.0283783553e+04,1.2233538721e+04,8.3741520123e-01,8.3948990190e-04,8.3948990190e-04,1.0000000000e-02,0.0,5.2791926577e+19,1.9008098584e+20,0.0,4.6845845007e+20,1.3765593647e+18,5.0023192488e+20,1.3813521215e+02,5.6274381536e+00,1.2357360872e+02,8.8472750001e+00,8.6050780310e-02,4.5024231268e-11,8.3948990190e-04,4.1900010921e-02,6.5230747423e+06,NaN,NaN,0.0,0.0,0.0,0.0,0.0
6.6593000000e+04,2.0396549844e+03,2.0701329961e+03,2.1367470000e+03,1.0256571626e+04,1.2233283030e+04,8.3211316830e-01,7.6145670305e-04,7.6145670305e-04,1.0000000000e-02,0.0,5.2363525654e+19,1.8979169265e+20,0.0,4.6843429078e+20,1.3955211419e+18,4.9980558773e+20,1.3799605429e+02,5.7047457882e+00,1.2345973633e+02,8.7440473677e+00,8.6763343171e-02,4.7147865115e-11,7.6145670305e-04,4.1895079215e-02,6.5226134107e+06,NaN,NaN,0.0,0.0,0.0,0.0,0.0
6.7873000000e+04,2.0295505045e+03,2.0591682649e+03,2.1097010000e+03,1.0322424146e+04,1.2233078477e+04,8.2798633087e-01,6.6182313131e-04,6.6182313131e-04,1.0000000000e-02,0.0,5.2042188469e+19,1.8953904975e+20,0.0,4.6841533283e+20,1.4102586726e+18,4.9951140471e+20,1.3788975649e+02,5.7660171866e+00,1.2342878890e+02,8.6072687864e+00,8.7019794692e-02,4.9542876708e-11,6.6182313131e-04,4.1897699717e-02,6.5216690142e+06,NaN,NaN,0.0,0.0,0.0,0.0,0.0
6.9921000000e+04,2.0206029929e+03,2.0493248303e+03,2.1756860000e+03,1.0196488845e+04,1.2232751193e+04,8.2106859445e-01,5.8221565622e-04,5.8221565622e-04,1.0000000000e-02,0.0,5.1487730684e+19,1.8917570145e+20,0.0,4.6838275941e+20,1.4360031864e+18,4.9899320734e+20,1.3771881851e+02,5.8708407937e+00,1.2328309270e+02,8.4763224749e+00,8.7980325394e-02,5.2655108509e-11,5.8221565622e-04,4.1890219460e-02,6.5213385955e+06,NaN,NaN,0.0,0.0,0.0,0.0,0.0
7.3198000000e+04,2.0093778400e+03,2.0381550680e+03,2.0499640000e+03,9.9812843275e+03,1.2232227506e+04,8.1046493586e-01,4.9650306404e-04,4.9650306404e-04,1.0000000000e-02,0.0,5.0617330663e+19,1.8857788431e+20,0.0,4.6833057075e+20,1.4770468396e+18,4.9803727482e+20,1.3741669025e+02,6.0369543635e+00,1.2298104053e+02,8.3085137779e+00,8.9685071099e-02,5.7376153823e-11,4.9650306404e-04,4.1873160819e-02,6.5202809638e+06,NaN,NaN,0.0,0.0,0.0,0.0,0.0
7.5820000000e+04,1.9907348710e+03,2.0223432300e+03,1.8350990000e+03,9.6635514883e+03,1.2231808493e+04,8.0289861014e-01,3.8167053284e-04,3.8167053284e-04,1.0000000000e-02,0.0,5.0002861621e+19,1.8801865115e+20,0.0,4.6829168936e+20,1.5067351415e+18,4.9725238032e+20,1.3715414734e+02,6.1597454844e+00,1.2284101482e+02,8.0627955315e+00,9.0209827695e-02,6.2975277716e-11,3.8167053284e-04,4.1874312090e-02,6.5182078824e+06,NaN,NaN,0.0,0.0,0.0,0.0,0.0
7.7917000000e+04,1.9831578548e+03,2.0159633908e+03,1.5176400000e+03,9.6211851743e+03,1.2231473378e+04,7.9786400278e-01,3.4215061619e-04,3.4215061619e-04,1.0000000000e-02,0.0,4.9547150824e+19,1.8753688480e+20,0.0,4.6826358242e+20,1.5273293713e+18,4.9634236864e+20,1.3688029904e+02,6.2433826748e+00,1.2259477370e+02,7.9509048227e+00,9.0895691725e-02,6.6038740390e-11,3.4215061619e-04,4.1867027944e-02,6.5176069766e+06,NaN,NaN,0.0,0.0,0.0,0.0,0.0
7.9595000000e+04,1.9790603469e+03,2.0132424114e+03,1.4754930000e+03,9.7116696269e+03,1.2231205222e+04,7.9391315296e-01,3.2272733950e-04,3.2272733950e-04,1.0000000000e-02,0.0,4.9181569711e+19,1.8715258802e+20,0.0,4.6824089187e+20,1.5439128019e+18,4.9557085222e+20,1.3665278054e+02,6.3101290282e+00,1.2236528580e+02,7.8854648364e+00,9.1578152159e-02,6.8149727294e-11,3.2272733950e-04,4.1858217258e-02,6.5172153780e+06,NaN,NaN,0.0,0.0,0.0,0.0,0.0
8.0937000000e+04,1.9763018847e+03,2.0109279049e+03,1.5661520000e+03,9.6003770199e+03,1.2230990761e+04,7.9053776005e-01,3.0978495661e-04,3.0978495661e-04,1.0000000000e-02,0.0,4.8876319207e+19,1.8685833623e+20,0.0,4.6822151283e+20,1.5583462534e+18,4.9498713083e+20,1.3648032143e+02,6.3680373732e+00,1.2218128694e+02,7.8384723900e+00,9.2214944970e-02,6.9890967047e-11,3.0978495661e-04,4.1849782982e-02,6.5172229314e+06,NaN,NaN,0.0,0.0,0.0,0.0,0.0
8.3085000000e+04,1.9735445172e+03,2.0078117591e+03,1.4550000000e+03,9.5247257634e+03,1.2230647496e+04,7.8552314405e-01,2.9713269399e-04,2.9713269399e-04,1.0000000000e-02,0.0,4.8405405561e+19,1.8636968888e+20,0.0,4.6819158092e+20,1.5802756948e+18,4.9396042105e+20,1.3618206961e+02,6.4555273144e+00,1.2185119426e+02,7.7817786175e+00,9.3272279270e-02,7.2251500993e-11,2.9713269399e-04,4.1834687642e-02,6.5171534175e+06,NaN,NaN,0.0,0.0,0.0,0.0,0.0
8.4803000000e+04,1.9710977913e+03,2.0055124648e+03,1.3795740000e+03,9.5392109952e+03,1.2230372948e+04,7.8171586553e-01,2.8678101702e-04,2.8678101702e-04,1.0000000000e-02,0.0,4.8041482151e+19,1.8596630873e+20,0.0,4.6816813232e+20,1.5972181309e+18,4.9310490917e+20,1.3593404045e+02,6.5231085054e+00,1.2158198177e+02,7.7345942166e+00,9.4069183893e-02,7.4151936846e-11,2.8678101702e-04,4.1823103453e-02,6.5167704825e+06,NaN,NaN,0.0,0.0,0.0,0.0,0.0
8.7552000000e+04,1.9674319062e+03,2.0017923871e+03,1.3942390000e+03,9.3821600515e+03,1.2229933639e+04,7.7555561435e-01,2.7169172320e-04,2.7169172320e-04,1.0000000000e-02,0.0,4.7456676769e+19,1.8532382771e+20,0.0,4.6812959464e+20,1.6252149583e+18,4.9174563263e+20,1.3553986212e+02,6.6346195519e+00,1.2114789242e+02,7.6616785107e+00,9.5399939877e-02,7.7296553518e-11,2.7169172320e-04,4.1803553654e-02,6.5164841575e+06,NaN,NaN,0.0,0.0,0.0,0.0,0.0
8.9751000000e+04,1.9648516967e+03,1.9991378177e+03,1.2374760000e+03,9.4540197478e+03,1.2229582224e+04,7.7117681254e-01,2.6164418129e-04,2.6164418129e-04,1.0000000000e-02,0.0,4.7019898358e+19,1.8477921146e+20,0.0,4.6810062854e+20,1.6455746200e+18,4.9055397714e+20,1.3519717964e+02,6.7155197445e+00,1.2077804861e+02,7.6069814128e+00,9.6368232249e-02,7.9571395671e-11,2.6164418129e-04,4.1788579401e-02,6.5161310882e+06,NaN,NaN,0.0,0.0,0.0,0.0,0.0
9.3269000000e+04,1.9605497656e+03,1.9946278520e+03,1.3095660000e+03,9.3335584217e+03,1.2229020024e+04,7.6375541579e-01,2.4532524196e-04,2.4532524196e-04,1.0000000000e-02,0.0,4.6301695943e+19,1.8392796562e+20,0.0,4.6805129368e+20,1.6809325637e+18,4.8872612329e+20,1.3466920127e+02,6.8559288629e+00,1.2019748019e+02,7.5175025721e+00,9.8044320907e-02,8.3647092936e-11,2.4532524196e-04,4.1762877265e-02,6.5158964976e+06,NaN,NaN,0.0,0.0,0.0,0.0,0.0
9.6084000000e+04,1.9574813243e+03,1.9913450871e+03,1.1894730000e+03,9.3102435335e+03,1.2228570168e+04,7.5835734034e-01,2.3398908197e-04,2.3398908197e-04,1.0000000000e-02,0.0,4.5758614250e+19,1.8321568649e+20,0.0,4.6801337902e+20,1.7073743748e+18,4.8716120132e+20,1.3421970584e+02,6.9606899556e+00,1.1971086980e+02,7.4486211672e+00,9.9290922062e-02,8.6723536268e-11,2.3398908197e-04,4.1742884538e-02,6.5157656988e+06,NaN,NaN,0.0,0.0,0.0,0.0,0.0
9.8336000000e+04,1.9549754101e+03,1.9887675119e+03,1.1664540000e+03,9.2521080564e+03,1.2228210283e+04,7.5411806344e-01,2.2541217285e-04,2.2541217285e-04,1.0000000000e-02,0.0,4.5329961822e+19,1.8264027937e+20,0.0,4.6798282184e+20,1.7285748002e+18,4.8589381239e+20,1.3385591819e+02,7.0445770286e+00,1.1931681637e+02,7.3940121207e+00,1.0028726365e-01,8.9225438641e-11,2.2541217285e-04,4.1726647958e-02,6.5156657719e+06,NaN,NaN,0.0,0.0,0.0,0.0,0.0
1.0013700000e+05,1.9530969892e+03,1.9868071877e+03,1.1085550000e+03,9.2451472408e+03,1.2227922471e+04,7.5089289027e-01,2.1907926546e-04,2.1907926546e-04,1.0000000000e-02,0.0,4.4996969253e+19,1.8217045535e+20,0.0,4.6795882700e+20,1.7449714901e+18,4.8484851630e+20,1.3355661104e+02,7.1093622125e+00,1.1899472859e+02,7.3512454257e+00,1.0105573088e-01,9.1168778810e-11,2.1907926546e-04,4.1713803785e-02,6.5156170511e+06,NaN,NaN,0.0,0.0,0.0,0.0,0.0
1.0301900000e+05,1.9500315903e+03,1.9836900918e+03,1.1017830000e+03,9.2964589911e+03,1.2227461908e+04,7.4576221497e-01,2.0934264677e-04,2.0934264677e-04,1.0000000000e-02,0.0,4.4467487188e+19,1.8141544776e+20,0.0,4.6791995945e+20,1.7715351838e+18,4.8316921440e+20,1.3307576494e+02,7.2142030262e+00,1.1847592098e+02,7.2831338799e+00,1.0229771658e-01,9.4358958153e-11,2.0934264677e-04,4.1692825668e-02,6.5152980662e+06,NaN,NaN,0.0,0.0,0.0,0.0,0.0
1.0763000000e+05,1.9449395260e+03,1.9784666005e+03,1.1533970000e+03,9.2572314026e+03,1.2226725039e+04,7.3715728293e-01,1.9391463460e-04,1.9391463460e-04,1.0000000000e-02,0.0,4.3603916003e+19,1.8022483542e+20,0.0,4.6785400404e+20,1.8174313404e+18,4.8055755971e+20,1.3232558754e+02,7.3951346236e+00,1.1765312008e+02,7.1727020537e+00,1.0443686939e-01,1.0005018254e-10,1.9391463460e-04,4.1656821328e-02,6.5148375110e+06,NaN,NaN,0.0,0.0,0.0,0.0,0.0
1.1500800000e+05,1.9371155770e+03,1.9703864082e+03,1.1146540000e+03,9.0983589587e+03,1.2225545984e+04,7.2382694320e-01,1.7210742099e-04,1.7210742099e-04,1.0000000000e-02,0.0,4.2257396610e+19,1.7828674189e+20,0.0,4.6774620884e+20,1.8921037060e+18,4.7629369038e+20,1.3110191963e+02,7.6885443189e+00,1.1630584164e+02,6.9994666088e+00,1.0789494981e-01,1.0961242712e-10,1.7210742099e-04,4.1596716929e-02,6.5144921501e+06,NaN,NaN,0.0,0.0,0.0,0.0,0.0
1.2091000000e+05,1.9317137543e+03,1.9648364072e+03,9.5655610000e+02,9.1029560193e+03,1.2224602805e+04,7.1465698472e-01,1.5846943059e-04,1.5846943059e-04,1.0000000000e-02,0.0,4.1269164029e+19,1.7664927350e+20,0.0,4.6766422580e+20,1.9462209668e+18,4.7259175144e+20,1.3004640762e+02,7.9000576955e+00,1.1516656444e+02,6.8692474131e+00,1.1037959964e-01,1.1659513007e-10,1.5846943059e-04,4.1550070889e-02,6.5141047035e+06,NaN,NaN,0.0,0.0,0.0,0.0,0.0
1.2563200000e+05,1.9273679312e+03,1.9603708699e+03,9.6177420000e+02,8.9788966453e+03,1.2223848197e+04,7.0727058182e-01,1.4823073877e-04,1.4823073877e-04,1.0000000000e-02,0.0,4.0482151384e+19,1.7533697215e+20,0.0,4.6759582080e+20,1.9914969262e+18,4.6963850178e+20,1.2920358730e+02,8.0765711377e+00,1.1424893867e+02,6.7654810116e+00,1.1244825431e-01,1.2260164800e-10,1.4823073877e-04,4.1510689771e-02,6.5138934398e+06,NaN,NaN,0.0,0.0,0.0,0.0,0.0
1.2940900000e+05,1.9243118859e+03,1.9572563963e+03,8.3821150000e+02,9.0247212058e+03,1.2223244607e+04,7.0211479196e-01,1.4145646476e-04,1.4145646476e-04,1.0000000000e-02,0.0,3.9895713040e+19,1.7424498929e+20,0.0,4.6754416517e+20,2.0240888546e+18,4.6712810564e+20,1.2849067494e+02,8.2030728278e+00,1.1348704462e+02,6.6864880720e+00,1.1392796212e-01,1.2687164262e-10,1.4145646476e-04,4.1480583806e-02,6.5135981630e+06,NaN,NaN,0.0,0.0,0.0,0.0,0.0
1.3545300000e+05,1.9191667446e+03,1.9519975264e+03,8.8443390000e+02,8.9801165382e+03,1.2222278735e+04,6.9340124462e-01,1.3066549760e-04,1.3066549760e-04,1.0000000000e-02,0.0,3.8940129303e+19,1.7251612982e+20,0.0,4.6745610112e+20,2.0809695011e+18,4.6319961275e+20,1.2737222004e+02,8.4235078853e+00,1.1227350596e+02,6.5585740609e+00,1.1650147387e-01,1.3458297955e-10,1.3066549760e-04,4.1428606192e-02,6.5132184074e+06,NaN,NaN,0.0,0.0,0.0,0.0,0.0
1.4028800000e+05,1.9152565204e+03,1.9479977650e+03,8.4046510000e+02,8.8742436470e+03,1.2221506069e+04,6.8676703849e-01,1.2297470254e-04,1.2297470254e-04,1.0000000000e-02,0.0,3.8199244885e+19,1.7111110356e+20,0.0,4.6738526680e+20,2.1259188489e+18,4.5998991260e+20,1.2645960273e+02,8.5970431015e+00,1.1128544223e+02,6.4584715096e+00,1.1852291600e-01,1.4074180901e-10,1.2297470254e-04,4.1386300353e-02,6.5130421370e+06,NaN,NaN,0.0,0.0,0.0,0.0,0.0
1.4415600000e+05,1.9125238386e+03,1.9451986991e+03,7.3510170000e+02,8.8310074852e+03,1.2220887936e+04,6.8212079302e-01,1.1784461714e-04,1.1784461714e-04,1.0000000000e-02,0.0,3.7644142182e+19,1.6995025630e+20,0.0,4.6733153255e+20,2.1583337996e+18,4.5729019112e+20,1.2569509339e+02,8.7215503049e+00,1.1047158452e+02,6.3818700194e+00,1.1997070184e-01,1.4508889601e-10,1.1784461714e-04,4.1353860855e-02,6.5130176143e+06,NaN,NaN,0.0,0.0,0.0,0.0,0.0
1.4725000000e+05,1.9105147204e+03,1.9430896828e+03,6.9227310000e+02,8.8408850218e+03,1.2220393494e+04,6.7861797543e-01,1.1411113040e-04,1.1411113040e-04,1.0000000000e-02,0.0,3.7213200399e+19,1.6900899795e+20,0.0,4.6728915014e+20,2.1832895468e+18,4.5508708257e+20,1.2507212511e+02,8.8170959138e+00,1.0981202345e+02,6.3218112875e+00,1.2108034265e-01,1.4840666251e-10,1.1411113040e-04,4.1328083843e-02,6.5130469827e+06,NaN,NaN,0.0,0.0,0.0,0.0,0.0
1.4972500000e+05,1.9087694248e+03,1.9413776108e+03,7.0247720000e+02,8.8925307949e+03,1.2219997972e+04,6.7577311935e-01,1.1116132737e-04,1.1116132737e-04,1.0000000000e-02,0.0,3.6867662016e+19,1.6825707439e+20,0.0,4.6725438959e+20,2.2038728793e+18,4.5333237193e+20,1.2457564332e+02,8.8958112501e+00,1.0928402521e+02,6.2737019880e+00,1.2199370926e-01,1.5117727663e-10,1.1116132737e-04,4.1306841509e-02,6.5127846445e+06,NaN,NaN,0.0,0.0,0.0,0.0,0.0
1.5368500000e+05,1.9058777014e+03,1.9384358169e+03,7.5438410000e+02,8.7810382632e+03,1.2219365137e+04,6.7088214587e-01,1.0625737759e-04,1.0625737759e-04,1.0000000000e-02,0.0,3.6300316836e+19,1.6706921242e+20,0.0,4.6719536692e+20,2.2399054101e+18,4.5059172545e+20,1.2379828847e+02,9.0335914418e+00,1.0844557978e+02,6.1954201715e+00,1.2359081546e-01,1.5618524175e-10,1.0625737759e-04,4.1270513285e-02,6.5126786941e+06,NaN,NaN,0.0,0.0,0.0,0.0,0.0
1.5685300000e+05,1.9038782714e+03,1.9364289330e+03,6.4330890000e+02,8.8365389645e+03,1.2218858869e+04,6.6754349522e-01,1.0302790151e-04,1.0302790151e-04,1.0000000000e-02,0.0,3.5877663352e+19,1.6608823124e+20,0.0,4.6715136814e+20,2.2650855850e+18,4.4828394714e+20,1.2314652902e+02,9.1292962908e+00,1.0775676135e+02,6.1356696840e+00,1.2469866450e-01,1.5953888484e-10,1.0302790151e-04,4.1243197990e-02,6.5124445956e+06,NaN,NaN,0.0,0.0,0.0,0.0,0.0
1.6192200000e+05,1.9004522706e+03,1.9329391794e+03,6.9914370000e+02,8.7521993124e+03,1.2218048809e+04,6.6173396442e-01,9.7628105637e-05,9.7628105637e-05,1.0000000000e-02,0.0,3.5182079262e+19,1.6453891316e+20,0.0,4.6707597657e+20,2.3098615235e+18,4.4468334929e+20,1.2212699696e+02,9.2994522815e+00,1.0666245903e+02,6.0383220204e+00,1.2666600584e-01,1.6574178081e-10,9.7628105637e-05,4.1195960360e-02,6.5123882121e+06,NaN,NaN,0.0,0.0,0.0,0.0,0.0
1.6597700000e+05,1.8980183340e+03,1.9304823562e+03,6.1533880000e+02,8.7953482197e+03,1.2217400793e+04,6.5764089716e-01,9.3985407872e-05,9.3985407872e-05,1.0000000000e-02,0.0,3.4656828459e+19,1.6326910201e+20,0.0,4.6701833796e+20,2.3423003532e+18,4.4169053813e+20,1.2128220012e+02,9.4219569724e+00,1.0576874673e+02,5.9633222833e+00,1.2808015325e-01,1.7007905997e-10,9.3985407872e-05,4.1159507251e-02,6.5121759671e+06,NaN,NaN,0.0,0.0,0.0,0.0,0.0
1.7246500000e+05,1.8938580056e+03,1.9262748235e+03,6.5891540000e+02,8.7660674706e+03,1.2216363966e+04,6.5062471673e-01,8.8038462521e-05,8.8038462521e-05,1.0000000000e-02,0.0,3.3799803067e+19,1.6125553404e+20,0.0,4.6692000039e+20,2.3994556618e+18,4.3699367125e+20,1.1995349415e+02,9.6375415977e+00,1.0434346413e+02,5.8418352436e+00,1.3056513953e-01,1.7800880770e-10,8.8038462521e-05,4.1096549356e-02,6.5119258748e+06,NaN,NaN,0.0,0.0,0.0,0.0,0.0
1.8284600000e+05,1.8875134800e+03,1.9198465157e+03,6.3031900000e+02,8.6904952280e+03,1.2214705012e+04,6.3988691685e-01,7.9623615522e-05,7.9623615522e-05,1.0000000000e-02,0.0,3.2469168977e+19,1.5799682099e+20,0.0,4.6675994395e+20,2.4912233717e+18,4.2937554350e+20,1.1779964080e+02,9.9813445801e+00,1.0203244430e+02,5.6512542346e+00,1.3451806120e-01,1.9074244535e-10,7.9623615522e-05,4.0991890209e-02,6.5117052024e+06,NaN,NaN,0.0,0.0,0.0,0.0,0.0
1.9115100000e+05,1.8830463473e+03,1.9153346484e+03,5.5584200000e+02,8.6631307872e+03,1.2213377817e+04,6.3233266673e-01,7.4170304280e-05,7.4170304280e-05,1.0000000000e-02,0.0,3.1468736838e+19,1.5532958214e+20,0.0,4.6663406812e+20,2.5592690080e+18,4.2306801427e+20,1.1602090753e+02,1.0233558983e+01,1.0014512183e+02,5.5047422956e+00,1.3741024502e-01,1.9979481581e-10,7.4170304280e-05,4.0908268614e-02,6.5115111238e+06,NaN,NaN,0.0,0.0,0.0,0.0,0.0
1.9779500000e+05,1.8797194765e+03,1.9119323989e+03,5.2935460000e+02,8.6192199992e+03,1.2212316060e+04,6.2662053753e-01,7.0289776124e-05,7.0289776124e-05,1.0000000000e-02,0.0,3.0692497106e+19,1.5317423452e+20,0.0,4.6653229231e+20,2.6127428780e+18,4.1795291218e+20,1.1457962835e+02,1.0430290250e+01,9.8619784643e+01,5.3898207689e+00,1.3966240209e-01,2.0674761150e-10,7.0289776124e-05,4.0839842652e-02,6.5116355297e+06,NaN,NaN,0.0,0.0,0.0,0.0,0.0
2.0311000000e+05,1.8788827181e+03,1.9111073887e+03,4.8614540000e+02,8.6487326238e+03,1.2211466687e+04,6.2395670734e-01,6.9377630319e-05,6.9377630319e-05,1.0000000000e-02,0.0,3.0154036134e+19,1.5136864727e+20,0.0,4.6646409101e+20,2.6409609772e+18,4.1350234937e+20,1.1333586883e+02,1.0530780395e+01,9.7351051835e+01,5.3130545702e+00,1.4091264839e-01,2.0862068017e-10,6.9377630319e-05,4.0792378777e-02,6.5115244832e+06,NaN,NaN,0.0,0.0,0.0,0.0,0.0
2.1161400000e+05,1.8788492221e+03,1.9198085742e+03,5.1622090000e+02,8.6136420194e+03,1.2210107690e+04,6.3745492842e-01,6.9377630319e-05,6.9377630319e-05,1.0000000000e-02,0.0,2.9512297342e+19,1.4826209348e+20,0.0,4.6639640335e+20,2.6432513782e+18,4.0545839691e+20,1.1110949677e+02,1.0527724416e+01,9.5242835194e+01,5.1979960285e+00,1.4087175626e-01,2.0398438672e-10,6.9377630319e-05,4.0745204333e-02,6.5115543128e+06,NaN,NaN,0.0,0.0,0.0,0.0,0.0
2.1841700000e+05,1.8787980718e+03,1.9238186134e+03,4.8203520000e+02,8.6773973538e+03,1.2209020525e+04,6.4393425192e-01,6.9377630319e-05,6.9377630319e-05,1.0000000000e-02,0.0,2.8998914118e+19,1.4577815308e+20,0.0,4.6634105623e+20,2.6451615136e+18,3.9902722483e+20,1.0932947162e+02,1.0525225921e+01,9.3557330484e+01,5.1060075154e+00,1.4083832383e-01,2.0027939502e-10,6.9377630319e-05,4.0706118344e-02,6.5114406054e+06,NaN,NaN,0.0,0.0,0.0,0.0,0.0
2.2930200000e+05,1.8787568990e+03,1.9202867091e+03,5.4651430000e+02,8.6341465220e+03,1.2207281028e+04,6.3799640536e-01,6.9377630319e-05,6.9377630319e-05,1.0000000000e-02,0.0,2.8177550655e+19,1.4180642186e+20,0.0,4.6625086687e+20,2.6483796131e+18,3.8874529558e+20,1.0648356452e+02,1.0521155202e+01,9.0862615968e+01,4.9589401237e+00,1.4078385343e-01,1.9436035635e-10,6.9377630319e-05,4.0640931220e-02,6.5115360060e+06,NaN,NaN,0.0,0.0,0.0,0.0,0.0
2.4671800000e+05,1.8786647630e+03,1.9126638037e+03,5.0442170000e+02,8.6221599209e+03,1.2204497833e+04,6.2526212393e-01,6.9377630319e-05,6.9377630319e-05,1.0000000000e-02,0.0,2.6863201835e+19,1.3545671310e+20,0.0,4.6610212752e+20,2.6539848652e+18,3.7231091655e+20,1.0193455169e+02,1.0514443536e+01,8.6555472325e+01,4.7238724097e+00,1.4069404445e-01,1.8491098546e-10,6.9377630319e-05,4.0529226070e-02,6.5114937768e+06,NaN,NaN,0.0,0.0,0.0,0.0,0.0
2.7458400000e+05,1.8751243608e+03,1.9075545456e+03,4.9428780000e+02,8.5663042434e+03,1.2200044657e+04,6.1000660073e-01,6.5573741074e-05,6.5573741074e-05,1.0000000000e-02,0.0,2.4154980370e+19,1.2591813734e+20,0.0,4.6569969481e+20,2.8164677553e+18,3.4887989851e+20,9.5382753023e+01,1.1068491476e+01,7.9835577302e+01,4.3309422748e+00,1.4767639602e-01,1.9129542498e-10,6.5573741074e-05,4.0201976751e-02,6.5118363922e+06,NaN,NaN,0.0,0.0,0.0,0.0,0.0
2.9687700000e+05,1.8720152139e+03,1.9044426122e+03,4.4138200000e+02,8.5500002763e+03,1.2196482084e+04,5.9917855512e-01,6.2402021882e-05,6.2402021882e-05,1.0000000000e-02,0.0,2.2073237832e+19,1.1823055740e+20,0.0,4.6534409799e+20,2.9535497300e+18,3.3004160579e+20,9.0112735540e+01,1.1521000843e+01,7.4422388837e+01,4.0159628231e+00,1.5332063445e-01,1.9526451877e-10,6.2402021882e-05,3.9902035586e-02,6.5119259178e+06,NaN,NaN,0.0,0.0,0.0,0.0,0.0
3.1471100000e+05,1.8696046520e+03,1.9019033763e+03,4.2743810000e+02,8.6474671143e+03,1.2193632090e+04,5.9057164275e-01,5.9920237406e-05,5.9920237406e-05,1.0000000000e-02,0.0,2.0452876373e+19,1.1205742632e+20,0.0,4.6503213238e+20,3.0708239857e+18,3.1496750037e+20,8.5892941088e+01,1.1897358310e+01,7.0072628583e+01,3.7648963024e+00,1.5799797243e-01,1.9777175128e-10,5.9920237406e-05,3.9630797942e-02,6.5129500413e+06,NaN,NaN,0.0,0.0,0.0,0.0,0.0
3.4324500000e+05,1.8649320578e+03,1.8971735774e+03,5.2679230000e+02,8.5959243015e+03,1.2189198935e+04,5.7352281427e-01,5.5540241201e-05,5.5540241201e-05,1.0000000000e-02,0.0,1.7816911532e+19,1.0224840454e+20,0.0,4.6443769786e+20,3.3242158325e+18,2.9154097136e+20,7.9306182913e+01,1.2700678389e+01,6.3075802126e+01,3.3616390670e+00,1.6800779070e-01,2.0620588295e-10,5.5540241201e-05,3.9079831939e-02,6.5142956781e+06,NaN,NaN,0.0,0.0,0.0,0.0,0.0
3.8890000000e+05,1.8568062855e+03,1.8889675754e+03,4.7818000000e+02,8.4037086733e+03,1.2182217776e+04,5.4696144089e-01,4.8639717092e-05,4.8639717092e-05,1.0000000000e-02,0.0,1.3873438206e+19,8.6372535840e+19,0.0,4.6331814433e+20,3.7994191397e+18,2.5411897074e+20,6.8757141685e+01,1.4092654343e+01,5.1759459517e+01,2.7198245651e+00,1.8515462066e-01,2.1435873306e-10,4.8639717092e-05,3.7936044974e-02,6.5128168654e+06,NaN,NaN,0.0,0.0,0.0,0.0,0.0
4.2542400000e+05,1.8531788501e+03,1.8853191793e+03,2.9057560000e+02,8.4284202719e+03,1.2176632850e+04,5.3404367600e-01,4.5835381400e-05,4.5835381400e-05,1.0000000000e-02,0.0,1.1164292731e+19,7.3380783326e+19,0.0,4.6231309236e+20,4.1138084902e+18,2.2286525875e+20,5.9983812666e+01,1.4824349560e+01,4.2733831171e+01,2.2314102049e+00,1.9417589447e-01,1.9835421425e-10,4.5835381400e-05,3.6854533274e-02,6.5164601893e+06,NaN,NaN,0.0,0.0,0.0,0.0,0.0
4.5464300000e+05,1.8513021275e+03,1.8833980800e+03,3.1898230000e+02,8.4539886236e+03,1.2172164939e+04,5.2348020343e-01,4.4419887290e-05,4.4419887290e-05,1.0000000000e-02,0.0,9.0938816328e+18,6.3011035556e+19,0.0,4.6130207647e+20,4.4274152224e+18,1.9839562389e+20,5.3088784304e+01,1.5463767075e+01,3.5571511788e+01,1.8512348410e+00,2.0222618090e-01,1.8087844789e-10,4.4419887290e-05,3.5720322575e-02,6.5208426754e+06,NaN,NaN,0.0,0.0,0.0,0.0,0.0
4.7801800000e+05,1.8484799297e+03,1.8804975208e+03,3.4750340000e+02,8.4051553755e+03,1.2168590640e+04,5.1316001581e-01,4.2359553040e-05,4.2359553040e-05,1.0000000000e-02,0.0,7.4840415064e+18,5.4777552122e+19,0.0,4.6026721004e+20,4.7706491434e+18,1.7971086743e+20,4.7781576467e+01,1.6112846267e+01,2.9909739158e+01,1.5487455307e+00,2.1020315184e-01,1.6682416512e-10,4.2359553040e-05,3.4540729745e-02,6.5262981409e+06,NaN,NaN,0.0,0.0,0.0,0.0,0.0
5.1541800000e+05,1.8441080413e+03,1.8760348922e+03,3.0102640000e+02,8.3561477335e+03,1.2162871763e+04,4.9830526477e-01,3.9362524508e-05,3.9362524508e-05,1.0000000000e-02,0.0,5.1200965291e+18,4.1589872275e+19,0.0,4.5824192644e+20,5.4415212418e+18,1.5072061518e+20,3.9492335561e+01,1.7077541954e+01,2.1108281743e+01,1.0845176955e+00,2.2195480584e-01,1.3436482929e-10,3.9362524508e-05,3.2093777083e-02,6.5387471373e+06,NaN,NaN,0.0,0.0,0.0,0.0,0.0
5.4533800000e+05,1.8419941516e+03,1.8737995792e+03,2.5578290000e+02,8.3199670537e+03,1.2158296662e+04,4.8861892673e-01,3.7936619352e-05,3.7936619352e-05,1.0000000000e-02,0.0,3.4632990979e+18,3.1198776218e+19,0.0,4.5598035661e+20,6.1267722546e+18,1.2909162589e+20,3.3234555754e+01,1.7689537385e+01,1.4569847748e+01,7.4565614031e-01,2.2947654415e-01,1.0030743846e-10,3.7936619352e-05,2.9525010514e-02,6.5495050716e+06,NaN,NaN,0.0,0.0,0.0,0.0,0.0
5.6927400000e+05,1.8403100642e+03,1.8719937259e+03,2.2260580000e+02,8.2854575433e+03,1.2154636580e+04,4.8161168316e-01,3.6819919789e-05,3.6819919789e-05,1.0000000000e-02,0.0,2.3174715129e+18,2.3141927708e+19,0.0,4.5345570431e+20,6.8442163557e+18,1.1377651337e+20,2.8710292420e+01,1.8081423976e+01,9.8900749654e+00,5.0455329083e-01,2.3420336726e-01,7.1600510282e-11,3.6819919789e-05,2.7015049007e-02,6.5685148819e+06,NaN,NaN,0.0,0.0,0.0,0.0,0.0
5.8842300000e+05,1.8404308892e+03,1.8727096218e+03,1.9049040000e+02,8.2593803699e+03,1.2151708485e+04,4.7809135492e-01,3.6819919789e-05,3.6819919789e-05,1.0000000000e-02,0.0,1.5563945452e+18,1.7022840419e+19,0.0,4.5077513899e+20,7.4899759499e+18,1.0292978339e+20,2.5451063792e+01,1.8187540471e+01,6.6867752812e+00,3.4113335693e-01,2.3557786301e-01,4.8979680551e-11,3.6819919789e-05,2.4830782698e-02,6.5887709649e+06,NaN,NaN,0.0,0.0,0.0,0.0,0.0
6.0374200000e+05,1.8405322773e+03,1.8720103650e+03,1.6632500000e+02,8.2375769664e+03,1.2149366039e+04,4.7479186851e-01,3.6819919789e-05,3.6819919789e-05,1.0000000000e-02,0.0,1.0550117477e+18,1.2507121343e+19,0.0,4.4796000464e+20,8.0976072398e+18,9.5952133299e+19,2.3277104999e+01,1.8248557473e+01,4.5595328161e+00,2.3260969154e-01,2.3636819830e-01,3.3622399156e-11,3.6819919789e-05,2.3044574371e-02,6.6082048798e+06,NaN,NaN,0.0,0.0,0.0,0.0,0.0
6.1599700000e+05,1.8378804713e+03,1.8693066352e+03,1.4604720000e+02,8.2177461359e+03,1.2147492113e+04,4.7099752648e-01,3.5214777008e-05,3.5214777008e-05,1.0000000000e-02,0.0,7.3184975423e+17,9.2782048776e+18,0.0,4.4511693465e+20,8.6409205155e+18,9.1820144668e+19,2.1915581118e+01,1.8332042793e+01,3.1848776277e+00,1.6171423075e-01,2.3691125113e-01,2.3930675569e-11,3.5214777008e-05,2.1693774526e-02,6.6247820739e+06,NaN,NaN,0.0,0.0,0.0,0.0,0.0
6.2580100000e+05,1.8379140136e+03,1.8705792783e+03,1.2743440000e+02,8.2100608531e+03,1.2145992972e+04,4.7045168198e-01,3.5214777008e-05,3.5214777008e-05,1.0000000000e-02,0.0,5.3088345545e+17,7.0291896243e+18,0.0,4.4252588047e+20,8.9502729701e+18,8.8397106902e+19,2.0844612037e+01,1.8181899482e+01,2.3103946525e+00,1.1731178954e-01,2.3497089784e-01,1.7076747613e-11,3.5214777008e-05,2.0772427004e-02,6.6375273551e+06,NaN,NaN,0.0,0.0,0.0,0.0,0.0
6.3364500000e+05,1.8377623406e+03,1.8691307425e+03,1.2073020000e+02,8.2036726084e+03,1.2144793537e+04,4.6843024314e-01,3.5112011649e-05,3.5112011649e-05,1.0000000000e-02,0.0,3.9966338342e+17,5.4814626118e+18,0.0,4.4011162323e+20,9.2267255174e+18,8.6539678736e+19,2.0219787099e+01,1.8151810359e+01,1.7448271677e+00,8.8567299919e-02,2.3454716052e-01,1.2861972743e-11,3.5112011649e-05,2.0116656042e-02,6.6470859605e+06,NaN,NaN,0.0,0.0,0.0,0.0,0.0
6.3992000000e+05,1.8366570412e+03,1.8680252352e+03,1.1512590000e+02,8.1982457638e+03,1.2143834019e+04,4.6688222774e-01,3.4472480711e-05,3.4472480711e-05,1.0000000000e-02,0.0,3.1452013008e+17,4.4217152689e+18,0.0,4.3799838387e+20,9.4128165938e+18,8.5244031107e+19,1.9786560775e+01,1.8106700363e+01,1.3763527349e+00,6.9727627667e-02,2.3374557607e-01,1.0135668578e-11,3.4472480711e-05,1.9669711285e-02,6.6544581580e+06,NaN,NaN,0.0,0.0,0.0,0.0,0.0
6.4494000000e+05,1.8366592836e+03,1.8703844970e+03,1.1032740000e+02,8.1972900041e+03,1.2143066405e+04,4.6781337998e-01,3.4472480711e-05,3.4472480711e-05,1.0000000000e-02,0.0,2.5863524697e+17,3.6883707368e+18,0.0,4.3624872846e+20,9.4823837746e+18,8.3882512136e+19,1.9382095378e+01,1.7962329010e+01,1.1305738737e+00,5.7276185180e-02,2.3188183699e-01,8.1934774098e-12,3.4472480711e-05,1.9369721922e-02,6.6590193125e+06,NaN,NaN,0.0,0.0,0.0,0.0,0.0
6.4895600000e+05,1.8366600230e+03,1.8697103621e+03,1.0987920000e+02,8.1967347872e+03,1.2142452314e+04,4.6687965530e-01,3.4472480711e-05,3.4472480711e-05,1.0000000000e-02,0.0,2.2007780511e+17,3.1721040013e+18,0.0,4.3477238411e+20,9.5323385812e+18,8.2931697496e+19,1.9099085600e+01,1.7858175182e+01,9.6162178996e-01,4.8716876443e-02,2.3053727967e-01,6.8884653012e-12,3.4472480711e-05,1.9156487756e-02,6.6622513901e+06,NaN,NaN,0.0,0.0,0.0,0.0,0.0
6.5538100000e+05,1.8366673306e+03,1.8686207199e+03,1.0973040000e+02,8.1946265061e+03,1.2141469860e+04,4.6536791669e-01,3.4472480711e-05,3.4472480711e-05,1.0000000000e-02,0.0,1.6576167864e+17,2.4334045226e+18,0.0,4.3227515203e+20,9.6465165476e+18,8.1905776447e+19,1.8769480496e+01,1.7777525050e+01,7.2566195636e-01,3.6762877293e-02,2.2949613958e-01,5.1513490167e-12,3.4472480711e-05,1.8844258488e-02,6.6677623351e+06,NaN,NaN,0.0,0.0,0.0,0.0,0.0
6.6566100000e+05,1.8366576212e+03,1.8700999644e+03,1.0826990000e+02,8.1955236106e+03,1.2139897933e+04,4.6502106053e-01,3.4472480711e-05,3.4472480711e-05,1.0000000000e-02,0.0,9.8422695673e+16,1.4735261786e+18,0.0,4.2815587045e+20,9.6936969767e+18,7.9779911886e+19,1.8162659632e+01,1.7485031522e+01,4.3008480061e-01,2.1788595381e-02,2.2572024079e-01,2.9534590618e-12,3.4472480711e-05,1.8444005675e-02,6.6739317764e+06,NaN,NaN,0.0,0.0,0.0,0.0,0.0
6.8210900000e+05,1.8359335745e+03,1.8673278771e+03,1.1021160000e+02,8.1961939005e+03,1.2137382851e+04,4.6119915476e-01,3.4074655778e-05,3.4074655778e-05,1.0000000000e-02,0.0,3.0048570999e+16,4.6122261168e+17,0.0,4.2097179596e+20,9.7684562415e+18,7.7734436175e+19,1.7566930374e+01,1.7206777224e+01,1.3146977447e-01,6.6522266861e-03,2.2199707337e-01,8.7651822604e-13,3.4074655778e-05,1.8011446868e-02,6.6717132233e+06,NaN,NaN,0.0,0.0,0.0,0.0,0.0
7.0842600000e+05,1.8344687665e+03,1.8659648359e+03,1.1255260000e+02,8.2079821852e+03,1.2133358688e+04,4.5692041730e-01,3.3309383373e-05,3.3309383373e-05,1.0000000000e-02,0.0,0.0000000000e+00,0.0000000000e+00,0.0,4.0866831819e+20,9.5070161141e+18,7.4488029946e+19,1.6774283830e+01,1.6560833807e+01,0.0000000000e+00,0.0000000000e+00,2.1341671352e-01,0.0000000000e+00,3.3309383373e-05,1.7811749786e-02,6.6722956045e+06,NaN,NaN,0.0,0.0,0.0,0.0,0.0
7.2948000000e+05,1.8334809462e+03,1.8650427251e+03,1.2703480000e+02,8.2149929531e+03,1.2130139296e+04,4.5323332382e-01,3.2800773179e-05,3.2800773179e-05,1.0000000000e-02,0.0,0.0000000000e+00,0.0000000000e+00,0.0,3.9844409428e+20,9.2052471480e+18,7.2124371986e+19,1.6241983552e+01,1.6035465869e+01,0.0000000000e+00,0.0000000000e+00,2.0648488321e-01,0.0000000000e+00,3.2800773179e-05,1.7811907330e-02,6.6711291089e+06,NaN,NaN,0.0,0.0,0.0,0.0,0.0
7.4632300000e+05,1.8331177269e+03,1.8647282590e+03,1.3620600000e+02,8.2216580639e+03,1.2127563814e+04,4.5035432759e-01,3.2628981992e-05,3.2628981992e-05,1.0000000000e-02,0.0,0.0000000000e+00,0.0000000000e+00,0.0,3.9027427521e+20,8.9623952393e+18,7.0221835250e+19,1.5813537966e+01,1.5612520244e+01,0.0000000000e+00,0.0000000000e+00,2.0098509255e-01,0.0000000000e+00,3.2628981992e-05,1.7811961513e-02,6.6701909312e+06,NaN,NaN,0.0,0.0,0.0,0.0,0.0
7.5979700000e+05,1.8330789207e+03,1.8649846421e+03,1.4459960000e+02,8.2280391189e+03,1.2125503489e+04,4.4821523616e-01,3.2628981992e-05,3.2628981992e-05,1.0000000000e-02,0.0,0.0000000000e+00,0.0000000000e+00,0.0,3.8374887660e+20,8.7630405725e+18,6.8659862035e+19,1.5461791494e+01,1.5265244369e+01,0.0000000000e+00,0.0000000000e+00,1.9651449633e-01,0.0000000000e+00,3.2628981992e-05,1.7811962179e-02,6.6694523372e+06,NaN,NaN,0.0,0.0,0.0,0.0,0.0
7.7057700000e+05,1.8330451009e+03,1.8657362286e+03,1.5236370000e+02,8.2336952176e+03,1.2123855107e+04,4.4669575359e-01,3.2628981992e-05,3.2628981992e-05,1.0000000000e-02,0.0,0.0000000000e+00,0.0000000000e+00,0.0,3.7853749719e+20,8.5975405402e+18,6.7363144873e+19,1.5169779005e+01,1.4976943274e+01,0.0000000000e+00,0.0000000000e+00,1.9280310180e-01,0.0000000000e+00,3.2628981992e-05,1.7811962755e-02,6.6688481732e+06,NaN,NaN,0.0,0.0,0.0,0.0,0.0
7.7920100000e+05,1.8317819529e+03,1.8634979748e+03,1.5912670000e+02,8.2340883175e+03,1.2122536401e+04,4.4370102145e-01,3.1964898685e-05,3.1964898685e-05,1.0000000000e-02,0.0,0.0000000000e+00,0.0000000000e+00,0.0,3.7430652129e+20,8.5291941779e+18,6.6828524518e+19,1.5049362774e+01,1.4858255246e+01,0.0000000000e+00,0.0000000000e+00,1.9107556362e-01,0.0000000000e+00,3.1964898685e-05,1.7812171906e-02,6.6683933983e+06,NaN,NaN,0.0,0.0,0.0,0.0,0.0
7.8610000000e+05,1.8317549879e+03,1.8651063883e+03,1.6040190000e+02,8.2387706003e+03,1.2121481467e+04,4.4329306923e-01,3.1964898685e-05,3.1964898685e-05,1.0000000000e-02,0.0,0.0000000000e+00,0.0000000000e+00,0.0,3.7099403084e+20,8.4035149696e+18,6.5843796323e+19,1.4827608557e+01,1.4639316556e+01,0.0000000000e+00,0.0000000000e+00,1.8826003563e-01,0.0000000000e+00,3.1964898685e-05,1.7812172357e-02,6.6679250782e+06,NaN,NaN,0.0,0.0,0.0,0.0,0.0
7.9713800000e+05,1.8303401900e+03,1.8621217142e+03,1.6579370000e+02,8.2394211404e+03,1.2119793634e+04,4.3932303217e-01,3.1236938766e-05,3.1236938766e-05,1.0000000000e-02,0.0,0.0000000000e+00,0.0000000000e+00,0.0,3.6557926419e+20,8.3198506463e+18,6.5189229241e+19,1.4680179197e+01,1.4493974814e+01,0.0000000000e+00,0.0000000000e+00,1.8617314585e-01,0.0000000000e+00,3.1236938766e-05,1.7812406331e-02,6.6673540059e+06,NaN,NaN,0.0,0.0,0.0,0.0,0.0
8.1479900000e+05,1.8288422259e+03,1.8606907158e+03,1.6757310000e+02,8.2448408347e+03,1.2117093070e+04,4.3485953848e-01,3.0496412108e-05,3.0496412108e-05,1.0000000000e-02,0.0,0.0000000000e+00,0.0000000000e+00,0.0,3.5698846004e+20,8.1178040887e+18,6.3607097981e+19,1.4323868809e+01,1.4142402020e+01,0.0000000000e+00,0.0000000000e+00,1.8143629254e-01,0.0000000000e+00,3.0496412108e-05,1.7812650012e-02,6.6662935345e+06,NaN,NaN,0.0,0.0,0.0,0.0,0.0
8.4305700000e+05,1.8275135498e+03,1.8594630017e+03,1.7480270000e+02,8.2568386823e+03,1.2112772107e+04,4.2804229710e-01,2.9874142113e-05,2.9874142113e-05,1.0000000000e-02,0.0,0.0000000000e+00,0.0000000000e+00,0.0,3.4327030834e+20,7.7810511191e+18,6.0969277902e+19,1.3729830317e+01,1.3556068048e+01,0.0000000000e+00,0.0000000000e+00,1.7373239531e-01,0.0000000000e+00,2.9874142113e-05,1.7812859703e-02,6.6647086602e+06,NaN,NaN,0.0,0.0,0.0,0.0,0.0
8.6566300000e+05,1.8273597125e+03,1.8593821451e+03,1.8969730000e+02,8.2687743109e+03,1.2109315397e+04,4.2260147152e-01,2.9833577487e-05,2.9833577487e-05,1.0000000000e-02,0.0,0.0000000000e+00,0.0000000000e+00,0.0,3.3231136180e+20,7.5106520932e+18,5.8850592502e+19,1.3252717514e+01,1.3085003916e+01,0.0000000000e+00,0.0000000000e+00,1.6768376430e-01,0.0000000000e+00,2.9833577487e-05,1.7812874536e-02,6.6635465527e+06,NaN,NaN,0.0,0.0,0.0,0.0,0.0
8.8374800000e+05,1.8244872454e+03,1.8565911814e+03,2.0395040000e+02,8.2711811577e+03,1.2106549999e+04,4.1630525114e-01,2.8464419720e-05,2.8464419720e-05,1.0000000000e-02,0.0,0.0000000000e+00,0.0000000000e+00,0.0,3.2348889528e+20,7.3583712454e+18,5.7659108746e+19,1.2984359405e+01,1.2820428213e+01,0.0000000000e+00,0.0000000000e+00,1.6390272784e-01,0.0000000000e+00,2.8464419720e-05,1.7813348801e-02,6.6623821583e+06,NaN,NaN,0.0,0.0,0.0,0.0,0.0
8.9821600000e+05,1.8228093059e+03,1.8549739758e+03,2.0820790000e+02,8.2748668072e+03,1.2104337681e+04,4.1151066363e-01,2.7698078516e-05,2.7698078516e-05,1.0000000000e-02,0.0,0.0000000000e+00,0.0000000000e+00,0.0,3.1644693026e+20,7.2266087263e+18,5.6627622604e+19,1.2752051822e+01,1.2591273211e+01,0.0000000000e+00,0.0000000000e+00,1.6075091296e-01,0.0000000000e+00,2.7698078516e-05,1.7813623759e-02,6.6615131846e+06,NaN,NaN,0.0,0.0,0.0,0.0,0.0
9.0979000000e+05,1.8221160966e+03,1.8543241643e+03,2.1337470000e+02,8.2795565286e+03,1.2102567887e+04,4.0793614482e-01,2.7395599869e-05,2.7395599869e-05,1.0000000000e-02,0.0,0.0000000000e+00,0.0000000000e+00,0.0,3.1082700840e+20,7.1115224690e+18,5.5726198730e+19,1.2549049114e+01,1.2390916574e+01,0.0000000000e+00,0.0000000000e+00,1.5810514464e-01,0.0000000000e+00,2.7395599869e-05,1.7813734502e-02,6.6608834709e+06,NaN,NaN,0.0,0.0,0.0,0.0,0.0
9.2830900000e+05,1.8220518958e+03,1.8546733110e+03,2.1924970000e+02,8.2905005126e+03,1.2099736125e+04,4.0276251839e-01,2.7395599869e-05,2.7395599869e-05,1.0000000000e-02,0.0,0.0000000000e+00,0.0000000000e+00,0.0,3.0186026014e+20,6.9075953058e+18,5.4128220160e+19,1.2189199031e+01,1.2035600243e+01,0.0000000000e+00,0.0000000000e+00,1.5357139286e-01,0.0000000000e+00,2.7395599869e-05,1.7813735416e-02,6.6599408168e+06,NaN,NaN,0.0,0.0,0.0,0.0,0.0
9.4312400000e+05,1.8198465706e+03,1.8521820112e+03,2.3209150000e+02,8.2923690062e+03,1.2097470747e+04,3.9681921301e-01,2.6420099418e-05,2.6420099418e-05,1.0000000000e-02,0.0,0.0000000000e+00,0.0000000000e+00,0.0,2.9463528479e+20,6.8020008388e+18,5.3302004617e+19,1.2003110781e+01,1.1852130948e+01,0.0000000000e+00,0.0000000000e+00,1.5095341292e-01,0.0000000000e+00,2.6420099418e-05,1.7814099270e-02,6.6590660926e+06,NaN,NaN,0.0,0.0,0.0,0.0,0.0
9.5497600000e+05,1.8185079422e+03,1.8508931752e+03,2.3547510000e+02,8.2955479438e+03,1.2095658444e+04,3.9235682375e-01,2.5848874044e-05,2.5848874044e-05,1.0000000000e-02,0.0,0.0000000000e+00,0.0000000000e+00,0.0,2.8887024004e+20,6.7063817870e+18,5.2553440810e+19,1.1834522497e+01,1.1685825629e+01,0.0000000000e+00,0.0000000000e+00,1.4867101875e-01,0.0000000000e+00,2.5848874044e-05,1.7814318311e-02,6.6583729157e+06,NaN,NaN,0.0,0.0,0.0,0.0,0.0
9.7393900000e+05,1.8178446656e+03,1.8502999612e+03,2.3986670000e+02,8.3050546650e+03,1.2092758790e+04,3.8579186107e-01,2.5589839740e-05,2.5589839740e-05,1.0000000000e-02,0.0,0.0000000000e+00,0.0000000000e+00,0.0,2.7967391108e+20,6.5317151448e+18,5.1185023671e+19,1.1526360291e+01,1.1381607676e+01,0.0000000000e+00,0.0000000000e+00,1.4472702472e-01,0.0000000000e+00,2.5589839740e-05,1.7814419741e-02,6.6573865168e+06,NaN,NaN,0.0,0.0,0.0,0.0,0.0
1.0042800000e+06,1.8151986142e+03,1.8477770776e+03,2.5131490000e+02,8.3156843706e+03,1.2088119312e+04,3.7376423870e-01,2.4514962588e-05,2.4514962588e-05,1.0000000000e-02,0.0,0.0000000000e+00,0.0000000000e+00,0.0,2.6493282122e+20,6.2938709917e+18,4.9322524826e+19,1.1106909748e+01,1.0967722821e+01,0.0000000000e+00,0.0000000000e+00,1.3916241192e-01,0.0000000000e+00,2.4514962588e-05,1.7814848707e-02,6.6557451852e+06,NaN,NaN,0.0,0.0,0.0,0.0,0.0
1.0285530000e+06,1.8150512025e+03,1.8477148514e+03,2.6504880000e+02,8.3299622274e+03,1.2084407700e+04,3.6433151019e-01,2.4488990393e-05,2.4488990393e-05,1.0000000000e-02,0.0,0.0000000000e+00,0.0000000000e+00,0.0,2.5316873326e+20,6.0901441489e+18,4.7726035269e+19,1.0747397010e+01,1.0612721691e+01,0.0000000000e+00,0.0000000000e+00,1.3465083020e-01,0.0000000000e+00,2.4488990393e-05,1.7814860304e-02,6.6546210586e+06,NaN,NaN,0.0,0.0,0.0,0.0,0.0
1.0479710000e+06,1.8123374254e+03,1.8450852986e+03,2.8181090000e+02,8.3334555045e+03,1.2081438471e+04,3.5493964740e-01,2.3414595191e-05,2.3414595191e-05,1.0000000000e-02,0.0,0.0000000000e+00,0.0000000000e+00,0.0,2.4371189434e+20,5.9821345579e+18,4.6880931170e+19,1.0557054213e+01,1.0425059785e+01,0.0000000000e+00,0.0000000000e+00,1.3197101346e-01,0.0000000000e+00,2.3414595191e-05,1.7815306639e-02,6.6528861028e+06,NaN,NaN,0.0,0.0,0.0,0.0,0.0
1.0635050000e+06,1.8118483158e+03,1.8446491130e+03,2.8728900000e+02,8.3405602012e+03,1.2079063149e+04,3.4789112717e-01,2.3240680127e-05,2.3240680127e-05,1.0000000000e-02,0.0,0.0000000000e+00,0.0000000000e+00,0.0,2.3617489344e+20,5.8769403503e+18,4.6056760042e+19,1.0371454896e+01,1.0241828854e+01,0.0000000000e+00,0.0000000000e+00,1.2960280060e-01,0.0000000000e+00,2.3240680127e-05,1.7815381136e-02,6.6522243950e+06,NaN,NaN,0.0,0.0,0.0,0.0,0.0
1.0759330000e+06,1.8082369221e+03,1.8410485244e+03,2.9598210000e+02,8.3354826451e+03,1.2077162770e+04,3.4063653598e-01,2.1850345783e-05,2.1850345783e-05,1.0000000000e-02,0.0,0.0000000000e+00,0.0000000000e+00,0.0,2.3009732234e+20,5.8438312939e+18,4.5799057765e+19,1.0313377092e+01,1.0184872775e+01,0.0000000000e+00,0.0000000000e+00,1.2848246683e-01,0.0000000000e+00,2.1850345783e-05,1.7815991560e-02,6.6514502090e+06,NaN,NaN,0.0,0.0,0.0,0.0,0.0
1.0958170000e+06,1.8081174661e+03,1.8424021097e+03,2.9217240000e+02,8.3477188205e+03,1.2074122284e+04,3.3187547080e-01,2.1850345783e-05,2.1850345783e-05,1.0000000000e-02,0.0,0.0000000000e+00,0.0000000000e+00,0.0,2.2048049167e+20,5.6901443735e+18,4.4594590920e+19,1.0042146618e+01,9.9170212553e+00,0.0000000000e+00,0.0000000000e+00,1.2510351211e-01,0.0000000000e+00,2.1850345783e-05,1.7815992372e-02,6.6505465291e+06,NaN,NaN,0.0,0.0,0.0,0.0,0.0
1.1276320000e+06,1.8063026139e+03,1.8393281096e+03,3.0644300000e+02,8.3559046230e+03,1.2069257416e+04,3.1450961513e-01,2.1213750144e-05,2.1213750144e-05,1.0000000000e-02,0.0,0.0000000000e+00,0.0000000000e+00,0.0,2.0500884661e+20,5.5437161091e+18,4.3447812487e+19,9.7838858455e+00,9.6621573188e+00,0.0000000000e+00,0.0000000000e+00,1.2170731301e-01,0.0000000000e+00,2.1213750144e-05,1.7816284696e-02,6.6493815894e+06,NaN,NaN,0.0,0.0,0.0,0.0,0.0
1.1785360000e+06,1.7961462417e+03,1.8293483255e+03,3.1787800000e+02,8.3427329209e+03,1.2061473627e+04,2.8258222416e-01,1.7849086858e-05,1.7849086858e-05,1.0000000000e-02,0.0,0.0000000000e+00,0.0000000000e+00,0.0,1.8017341160e+20,5.4228883159e+18,4.2505395428e+19,9.5715472232e+00,9.4534777505e+00,0.0000000000e+00,0.0000000000e+00,1.1805162361e-01,0.0000000000e+00,1.7849086858e-05,1.7817975896e-02,6.6383399009e+06,NaN,NaN,0.0,0.0,0.0,0.0,0.0
1.2192590000e+06,1.7954097730e+03,1.8287227304e+03,3.0989830000e+02,8.3580325693e+03,1.2055246626e+04,2.5840984956e-01,1.7655703302e-05,1.7655703302e-05,1.0000000000e-02,0.0,0.0000000000e+00,0.0000000000e+00,0.0,1.6043198157e+20,5.2343467583e+18,4.1027856744e+19,9.2388220333e+00,9.1249178044e+00,0.0000000000e+00,0.0000000000e+00,1.1388657324e-01,0.0000000000e+00,1.7655703302e-05,1.7818082788e-02,6.6370794120e+06,NaN,NaN,0.0,0.0,0.0,0.0,0.0
1.2518370000e+06,1.7938440090e+03,1.8271844037e+03,3.2935720000e+02,8.3583096996e+03,1.2050265087e+04,2.3607187267e-01,1.7188451890e-05,1.7188451890e-05,1.0000000000e-02,0.0,0.0000000000e+00,0.0000000000e+00,0.0,1.4456451529e+20,5.1774289900e+18,4.0582393468e+19,9.1384934691e+00,9.0259756469e+00,0.0000000000e+00,0.0000000000e+00,1.1250063373e-01,0.0000000000e+00,1.7188451890e-05,1.7818343570e-02,6.6364738016e+06,NaN,NaN,0.0,0.0,0.0,0.0,0.0
1.2779000000e+06,1.7917118808e+03,1.8250678348e+03,3.3295570000e+02,8.3507258919e+03,1.2046279763e+04,2.1673835624e-01,1.6564388305e-05,1.6564388305e-05,1.0000000000e-02,0.0,0.0000000000e+00,0.0000000000e+00,0.0,1.3182809459e+20,5.1825837908e+18,4.0623719350e+19,9.1477753478e+00,9.0353493307e+00,0.0000000000e+00,0.0000000000e+00,1.1240945277e-01,0.0000000000e+00,1.6564388305e-05,1.7818701914e-02,6.6361653962e+06,NaN,NaN,0.0,0.0,0.0,0.0,0.0
1.2987500000e+06,1.7879584738e+03,1.8213609539e+03,3.2802580000e+02,8.3358299089e+03,1.2043091566e+04,2.0041834526e-01,1.5522049798e-05,1.5522049798e-05,1.0000000000e-02,0.0,0.0000000000e+00,0.0000000000e+00,0.0,1.2160536238e+20,5.2244687956e+18,4.0953660431e+19,9.2220300462e+00,9.1090552573e+00,0.0000000000e+00,0.0000000000e+00,1.1295926682e-01,0.0000000000e+00,1.5522049798e-05,1.7819329279e-02,6.6358073306e+06,NaN,NaN,0.0,0.0,0.0,0.0,0.0
1.3154300000e+06,1.7879432812e+03,1.8251210587e+03,3.1525060000e+02,8.3382159452e+03,1.2040541008e+04,1.8842934226e-01,1.5522049798e-05,1.5522049798e-05,1.0000000000e-02,0.0,0.0000000000e+00,0.0000000000e+00,0.0,1.1349838852e+20,5.1893465345e+18,4.0678343885e+19,9.1600337780e+00,9.0478183734e+00,0.0000000000e+00,0.0000000000e+00,1.1219988252e-01,0.0000000000e+00,1.5522049798e-05,1.7819329440e-02,6.6355832856e+06,NaN,NaN,0.0,0.0,0.0,0.0,0.0
1.3287740000e+06,1.7879593312e+03,1.8236036642e+03,3.1933750000e+02,8.3326016215e+03,1.2038500561e+04,1.7764019084e-01,1.5522049798e-05,1.5522049798e-05,1.0000000000e-02,0.0,0.0000000000e+00,0.0000000000e+00,0.0,1.0694780605e+20,5.2282733569e+18,4.0983483644e+19,9.2287456902e+00,9.1156886423e+00,0.0000000000e+00,0.0000000000e+00,1.1304152588e-01,0.0000000000e+00,1.5522049798e-05,1.7819329262e-02,6.6358196746e+06,NaN,NaN,0.0,0.0,0.0,0.0,0.0
1.3394490000e+06,1.7879633550e+03,1.8272295853e+03,3.1507960000e+02,8.3316440937e+03,1.2036868235e+04,1.6938462968e-01,1.5522049798e-05,1.5522049798e-05,1.0000000000e-02,0.0,0.0000000000e+00,0.0000000000e+00,0.0,1.0173865463e+20,5.2280347130e+18,4.0981612961e+19,9.2283244465e+00,9.1152725583e+00,0.0000000000e+00,0.0000000000e+00,1.1303636612e-01,0.0000000000e+00,1.5522049798e-05,1.7819329263e-02,6.6358145066e+06,NaN,NaN,0.0,0.0,0.0,0.0,0.0
1.3565290000e+06,1.7843532095e+03,1.8177165467e+03,3.1520920000e+02,8.3062590718e+03,1.2034256512e+04,1.5422984571e-01,1.4557182824e-05,1.4557182824e-05,1.0000000000e-02,0.0,0.0000000000e+00,0.0000000000e+00,0.0,9.3254775946e+19,5.3786060598e+18,4.2163557758e+19,9.4944340891e+00,9.3784905685e+00,0.0000000000e+00,0.0000000000e+00,1.1592896342e-01,0.0000000000e+00,1.4557182824e-05,1.7819945525e-02,6.6361259327e+06,NaN,NaN,0.0,0.0,0.0,0.0,0.0
1.3838570000e+06,1.7817362304e+03,1.8150816725e+03,2.9155420000e+02,8.2884250106e+03,1.2030077756e+04,1.3199376868e-01,1.3894761142e-05,1.3894761142e-05,1.0000000000e-02,0.0,0.0000000000e+00,0.0000000000e+00,0.0,7.9822175523e+19,5.4778150055e+18,4.2942479183e+19,9.6698007656e+00,9.5519867662e+00,0.0000000000e+00,0.0000000000e+00,1.1780010465e-01,0.0000000000e+00,1.3894761142e-05,1.7820391115e-02,6.6448985592e+06,NaN,NaN,0.0,0.0,0.0,0.0,0.0
1.4057200000e+06,1.7774415072e+03,1.8107904955e+03,2.7649700000e+02,8.2682013875e+03,1.2026734660e+04,1.1403286162e-01,1.2875807493e-05,1.2875807493e-05,1.0000000000e-02,0.0,0.0000000000e+00,0.0000000000e+00,0.0,6.9053689466e+19,5.5800658835e+18,4.3746067419e+19,9.8507007058e+00,9.7311319720e+00,0.0000000000e+00,0.0000000000e+00,1.1955585804e-01,0.0000000000e+00,1.2875807493e-05,1.7821116965e-02,6.6448385329e+06,NaN,NaN,0.0,0.0,0.0,0.0,0.0
1.4232100000e+06,1.7774267869e+03,1.8224066520e+03,2.5849370000e+02,8.2705493308e+03,1.2024060244e+04,1.0048771026e-01,1.2875807493e-05,1.2875807493e-05,1.0000000000e-02,0.0,0.0000000000e+00,0.0000000000e+00,0.0,6.0565450127e+19,5.5365877701e+18,4.3405212310e+19,9.7739473330e+00,9.6553101397e+00,0.0000000000e+00,0.0000000000e+00,1.1862431747e-01,0.0000000000e+00,1.2875807493e-05,1.7821117111e-02,6.6445588267e+06,NaN,NaN,0.0,0.0,0.0,0.0,0.0
1.4372020000e+06,1.7647107596e+03,1.7981574215e+03,2.6262540000e+02,8.2293344931e+03,1.2021920711e+04,8.7885914582e-02,1.0266174488e-05,1.0266174488e-05,1.0000000000e-02,0.0,0.0000000000e+00,0.0000000000e+00,0.0,5.3485172489e+19,5.7938603881e+18,4.5428291231e+19,1.0229343238e+01,1.0106550233e+01,0.0000000000e+00,0.0000000000e+00,1.2278273892e-01,0.0000000000e+00,1.0266174488e-05,1.7823253342e-02,6.6440164552e+06,NaN,NaN,0.0,0.0,0.0,0.0,0.0
1.4483960000e+06,1.7646512015e+03,1.8134981037e+03,2.2282030000e+02,8.2401012052e+03,1.2020209024e+04,8.0016528494e-02,1.0266174488e-05,1.0266174488e-05,1.0000000000e-02,0.0,0.0000000000e+00,0.0000000000e+00,0.0,4.8186189437e+19,5.6348279376e+18,4.4181356605e+19,9.9485641922e+00,9.8291413795e+00,0.0000000000e+00,0.0000000000e+00,1.1941254652e-01,0.0000000000e+00,1.0266174488e-05,1.7823253744e-02,6.6430934417e+06,NaN,NaN,0.0,0.0,0.0,0.0,0.0
1.4573510000e+06,1.7646706884e+03,1.8078674082e+03,2.3473670000e+02,8.2352984110e+03,1.2018839704e+04,7.2674135858e-02,1.0266174488e-05,1.0266174488e-05,1.0000000000e-02,0.0,0.0000000000e+00,0.0000000000e+00,0.0,4.3770791333e+19,5.6870142604e+18,4.4590536824e+19,1.0040701526e+01,9.9201727879e+00,0.0000000000e+00,0.0000000000e+00,1.2051847143e-01,0.0000000000e+00,1.0266174488e-05,1.7823253609e-02,6.6434041574e+06,NaN,NaN,0.0,0.0,0.0,0.0,0.0
1.4645150000e+06,1.7646789530e+03,1.8098838520e+03,2.3084270000e+02,8.2339921717e+03,1.2017744249e+04,6.6860449557e-02,1.0266174488e-05,1.0266174488e-05,1.0000000000e-02,0.0,0.0000000000e+00,0.0000000000e+00,0.0,4.0271496993e+19,5.6953358443e+18,4.4655784332e+19,1.0055393662e+01,9.9346885742e+00,0.0000000000e+00,0.0000000000e+00,1.2069482121e-01,0.0000000000e+00,1.0266174488e-05,1.7823253588e-02,6.6434531127e+06,NaN,NaN,0.0,0.0,0.0,0.0,0.0
1.4759770000e+06,1.7563041215e+03,1.7898520729e+03,2.3026550000e+02,8.2092709383e+03,1.2015991581e+04,5.7177630339e-02,8.8292395903e-06,8.8292395903e-06,1.0000000000e-02,0.0,0.0000000000e+00,0.0000000000e+00,0.0,3.4525744433e+19,5.8563113915e+18,4.5922032083e+19,1.0340416404e+01,1.0217200311e+01,0.0000000000e+00,0.0000000000e+00,1.2320726412e-01,0.0000000000e+00,8.8292395903e-06,1.7824657228e-02,6.6430324753e+06,NaN,NaN,0.0,0.0,0.0,0.0,0.0
