t(yr),T_surf(K),phi(vol_frac),p_H2O(bar)
4.0978193283081055e-08,3317.6450836629433,0.9751362635094414,1.8740856303882456
4.3585896492004395e-07,3317.645083514836,0.9751362633736327,1.874085630416759
4.3995678424835205e-06,3317.6453620765424,0.9751362620155439,1.874085576788515
4.4036656618118286e-05,3317.645041901823,0.9751362484346731,1.8740856384279219
0.00044040754437446594,3317.6447278719743,0.9751361126259048,1.8740856988834598
0.004404135048389435,3317.6410768177193,0.9751347545474341,1.874086401768131
0.04404137283563614,3317.604489171436,0.9751211739949581,1.8740934454031772
0.44041377305984497,3317.2350887743437,0.9749852218001569,1.8741645545115213
4.404137771576643,3313.561964668204,0.9736127207204238,1.8748710656240835
44.04137774929404,3278.4627715739434,0.9587469463484876,1.8815705607927737
144.14137775078416,3200.900877387421,0.9150705716568649,1.8960371076217615
182.65455143153667,3174.491406914177,0.8969457975398402,1.9008544972205677
221.16772511601448,3149.6527079277084,0.8784515796833221,1.9053341746396106
321.2677251175046,3099.3612855308907,0.8378381296456962,1.9870087499167273
414.12208884209394,3058.204114108959,0.8039127026022984,2.0682550527385835
514.2220888435841,3017.97278490206,0.7703353216950626,2.1549824104764053
614.3220888413489,2981.333231664099,0.7394569391031064,2.240852237323154
714.422088842839,2947.79842206641,0.7109372682205887,2.325881981972609
814.5220888443291,2916.9631243645954,0.6845123465440807,2.410041602505205
914.622088842094,2888.1711043676455,0.6599171547023384,2.493503685262151
1014.7220888435841,2861.1960915601385,0.6368541216390682,2.5766345491526796
1114.822088841349,2835.929836825816,0.6151683523428081,2.659449185030173
1214.922088842839,2812.1844703092347,0.5947281979590833,2.741974493069475
1315.0220888443291,2789.805277068609,0.575418551205947,2.8242368678427883
1415.122088842094,2768.6558259505346,0.5571375320079603,2.906266831668629
1515.222088843584,2748.624840321122,0.5397958418112343,2.988090738732299
1615.322088841349,2729.6065443199604,0.5233138466886761,3.0697387990140617
1715.422088842839,2711.514545420923,0.5076204797226324,3.1512399869501446
1815.5220888443291,2694.270945102804,0.49265297744391895,3.2326184617416582
1915.622088842094,2677.807266870184,0.4783543996415537,3.3138994868302847
2015.722088843584,2662.071991919797,0.46467312356548657,3.395104992386668
2115.822088841349,2647.056491820492,0.4515728832345608,3.4761813091677283
2215.922088842839,2632.6744971966314,0.43901618843654405,3.5571102100702
2316.022088844329,2618.8809392431795,0.4269596452589247,3.6379155456595904
2416.122088842094,2605.633770960315,0.41536287702007346,3.718616811698986
2516.222088843584,2592.899157787115,0.4041876305658327,3.799229167559097
2616.322088841349,2580.6407340185624,0.39339689359736546,3.8797709151632294
2716.422088842839,2568.831291939959,0.38295677989700017,3.9602540834080897
2816.522088844329,2557.440468234244,0.37283892363656435,4.040696407968359
2916.622088842094,2546.44450924934,0.36302922181199865,4.121108937169912
3016.722088843584,2535.82006794659,0.35353142853074265,4.201506956282241
3116.822088841349,2525.546262871855,0.3443601982972824,4.28190018095188
3216.922088842839,2515.6042586834187,0.33552664624753675,4.362298735564609
3317.022088844329,2505.975456367655,0.32703300257053675,4.442713193247398
3417.122088842094,2496.644772484703,0.31887432527147924,4.523150836134975
3517.222088843584,2487.5950487511936,0.3110408646727822,4.603620643019659
3617.322088841349,2478.739200938602,0.303512576581705,4.684230292008915
3717.422088842839,2470.0812204566096,0.2962547838807976,4.76523039687597
3817.522088844329,2461.634342594855,0.2892557016211705,4.846639553417389
3917.622088842094,2453.390587072944,0.2825044633409475,4.928470838035437
4017.722088843584,2445.3419000426848,0.275990431531579,5.0107345122298375
4117.822088841349,2437.4788788866576,0.26970319930434417,5.093441896633091
4217.922088842839,2429.7948002801027,0.2636324760997838,5.176605902816654
4318.022088844329,2422.2831766137056,0.2577688927098465,5.260232851213459
4418.122088842094,2414.934573560299,0.25210284702624675,5.344338660532642
4518.222088843584,2407.745450548566,0.24662539078787107,5.428935256108816
4618.322088841349,2400.709488466049,0.24132848795766004,5.514027738906057
4718.422088842839,2393.8199606471057,0.23620408528222697,5.599627526973774
4818.522088844329,2387.0724543043507,0.2312446297769582,5.685745072290293
4918.622088842094,2380.46226598179,0.22644305889738073,5.7723872726775864
5018.722088843584,2373.984648386595,0.22179287627175914,5.859559357234558
5118.822088841349,2367.6336055376764,0.2172872505296953,5.9472774789463525
5218.922088842839,2361.4061982390854,0.21292024884277794,6.035548874639449
5319.022088844329,2355.2988468395242,0.20868626636012838,6.124378090084995
5419.122088842094,2349.307198649218,0.20458004177977177,6.21376942988301
5519.222088843584,2343.4271328226423,0.20059621491496693,6.303736277549403
5619.322088841349,2337.656884530204,0.19673003346491258,6.394280824433487
5719.422088842839,2331.9925674302085,0.19297709734208446,6.485405964169997
5819.522088844329,2326.4297989739166,0.18933304071403312,6.577117181731385
5919.622088842094,2320.966067611928,0.18579327184927288,6.669430856896128
6019.722088843584,2315.5990040031647,0.18235389168995872,6.762351219191967
6119.822088841349,2310.3263393247817,0.17901145522390405,6.855876581932562
6219.922088842839,2305.1457584731006,0.17576245361434442,6.950009679995661
6320.022088844329,2300.0527906600923,0.1726032914198801,7.044760349914122
6420.122088842094,2295.0470463059637,0.1695307403454124,7.140132595330627
6520.222088843584,2290.1264234556,0.16654177551344188,7.236129058173817
6620.322088841349,2285.28864371341,0.16363365247141323,7.332747637227759
6720.422088842839,2280.5304890081015,0.1608036379199889,7.429990002001294
6820.522088844329,2275.8501556891915,0.15804867413631543,7.527869610623226
6920.622088842094,2271.246648848087,0.15536638744044107,7.62638555110368
7020.722088843584,2266.718370997766,0.15275446451021432,7.725535523347653
7120.822088841349,2262.2638875762923,0.15021057899085807,7.825319282155567
7220.922088842839,2257.8799508884695,0.14773256821123354,7.925737016574464
7321.022088844329,2253.5652940654877,0.14531804649162264,8.026800771749677
7421.122088842094,2249.318795449408,0.14296503823742657,8.12850936386445
7521.222088843584,2245.139639914737,0.14067161753351232,8.230860398135713
7621.322088841349,2241.026346209997,0.13843604852989522,8.333850230208897
7721.422088842839,2236.977521070734,0.13625664820482708,8.43747492716536
7821.522088844329,2232.9904632993553,0.13413154995102078,8.541737587295662
7921.622088842094,2229.0269300634245,0.1320561088607735,8.646801793269915
8021.722088843584,2225.1085043607095,0.13002510220189986,8.752865204276965
8121.822088841349,2221.2377625794143,0.12803743769604012,8.859938038708966
8221.922088842839,2217.413214518559,0.12609196475664855,8.968030307054807
8322.02208884433,2213.634867803727,0.12418780256465567,9.077147185408272
8422.122088842094,2209.899302532871,0.12232368540916308,9.187313739610815
8522.222088843584,2206.208254227673,0.1204985645364034,9.298541123263506
8622.322088841349,2202.5607705374373,0.11871154842288723,9.41083996040418
8722.422088842839,2198.9566666015075,0.11696182765394038,9.524214695620682
8822.52208884433,2195.3949921142466,0.1152485390462095,9.638674332249007
8922.622088842094,2191.8755077669534,0.11357093109100092,9.754222694603525
9022.722088843584,2188.3964953539394,0.11192810434176288,9.87087419712889
9122.822088841349,2184.9579167378033,0.1103191379381004,9.988648092209015
9222.922088842839,2181.559498651335,0.10874334497005445,10.107548737895966
9323.02208884433,2178.201397211082,0.10720002325043458,10.227583697275792
9423.122088842094,2174.882549300837,0.10568841698481439,10.34876153898512
9523.222088843584,2171.6027333328802,0.10420792637974821,10.47108567325826
9623.322088841349,2168.361886628396,0.10275793341377545,10.594562332927088
9723.422088842839,2165.158057770999,0.10133771537908891,10.719207097349654
9823.52208884433,2161.991768742337,0.09994646421670766,10.845036234695172
9923.622088842094,2158.862776797122,0.09858369565763629,10.972055150198923
10023.722088843584,2155.7710282016524,0.09724884109315782,11.10026909593963
10123.822088841349,2152.715787622188,0.09594129360686912,11.229683790284355
10223.922088842839,2149.696966393134,0.09466061380794992,11.360304496728183
10324.02208884433,2146.7143448906895,0.09340614722877781,11.492137507954135
10424.122088842094,2143.7672481147692,0.09217750601073409,11.625188331894538
10524.222088843584,2140.8545736470064,0.09097398613569416,11.759474138415296
10624.322088841349,2137.97705591623,0.08979513008739012,11.895005682068303
10724.422088842839,2135.1343725962665,0.08864048893400003,12.031786797727385
10824.52208884433,2132.3262612189055,0.08750951248483495,12.169823015794911
10924.622088842094,2129.5526838463375,0.08640189152021223,12.309114405265575
11024.722088843584,2126.8131907220168,0.08531716536763782,12.449667562922153
11124.822088841349,2124.107665329567,0.08425488691693084,12.591483519947191
11224.922088842839,2121.4357484631487,0.08321465344363496,12.73456622877811
11325.02208884433,2118.796642799703,0.08219602824446956,12.878927547114987
11425.122088842094,2116.190830483256,0.0811985746474736,13.024576690275195
11525.222088843584,2113.617843538465,0.08022193110228795,13.1715127897803
11625.322088841349,2111.0777789384597,0.07926570795630382,13.319742553751755
11725.422088842839,2108.570574316995,0.07832954436063487,13.469264771779034
11825.52208884433,2106.095798778172,0.07741311301784554,13.620077224026513
11925.622088842094,2103.65332573729,0.07651604935243216,13.772183741092496
12025.722088843584,2101.243384797871,0.07563804040025715,13.925579453961184
12125.822088841349,2098.865352119918,0.07477875142893832,14.080263073311752
12225.922088842839,2096.5186634251736,0.07393780691553278,14.236242783837485
12326.02208884433,2094.2035903441174,0.07311485397864531,14.393523696676798
12426.122088842094,2091.9199685277244,0.07230960008423212,14.552101658174058
12526.222088843584,2089.6678920173204,0.07152173365177968,14.711973858073907
12626.322088841349,2087.446869284408,0.07075096409915049,14.873135288409964
12726.422088842839,2085.257059825974,0.06999701656785927,15.035579435030156
12826.52208884433,2083.0982556244753,0.06925952520122695,15.199299528400466
12926.622088842094,2080.970096231655,0.06853828065266548,15.364286677686971
13026.722088843584,2078.8483022821156,0.06783179311026569,15.53082669925817
13126.822088841349,2076.7503001851014,0.06713869798907882,15.699199688421603
13226.922088842839,2074.675664234821,0.06645874563176965,15.869422628656455
13327.02208884433,2072.6243346788146,0.06579183740425062,16.04151681916052
13427.122088842094,2070.596539950917,0.06513777902795119,16.2155003582865
13527.222088843584,2068.592235715521,0.064496318366908,16.391387304459744
13627.322088841349,2066.611451118214,0.06386741090731327,16.569190828541938
13727.422088842839,2064.65434562876,0.06325081512304627,16.748920234814197
13827.52208884433,2062.720616779312,0.06264640379572686,16.93058641790766
13927.622088842094,2060.810431099637,0.06205403960983842,17.11419474844588
14027.722088843584,2058.923718897071,0.061473475728362266,17.299760400868205
14127.822088841349,2057.060313627309,0.06090464072640039,17.487289735441735
14227.922088842839,2055.2204449946553,0.060347275384015894,17.676785632404567
14328.02208884433,2053.4039760561795,0.05980130793269056,17.868254539235203
14428.122088842094,2051.6103630697976,0.059266480808453606,18.061698259417657
14528.222088843584,2049.8397252825553,0.05874264785414454,18.257132162223783
14628.322088841349,2048.092179310928,0.05822963680644818,18.4545520964516
14728.422088842839,2046.3673316332222,0.05772722761405893,18.65395895241617
14828.52208884433,2044.6654090879942,0.05723534755788811,18.855345218100236
14928.622088842094,2042.986155867192,0.05675369079179878,19.058703706767215
15028.722088843584,2041.3294748728708,0.056282182559805265,19.264022934230642
15128.822088841349,2039.6951259200318,0.055820642718848186,19.471295383470185
15228.922088842839,2038.0830290437186,0.0553687992444716,19.68049764648235
15329.02208884433,2036.492970597066,0.0549265697789737,19.891611086911354
15429.122088842094,2034.9248550743177,0.05449376556694677,20.104613266218873
15529.222088843584,2033.378173154766,0.05407015355651956,20.319482239943834
15629.322088841349,2031.8529482269116,0.0536555423384954,20.53618685726742
15729.422088842839,2030.3489635415704,0.0532497916376834,20.75469249568353
15829.52208884433,2028.8656494749935,0.0528526970134563,20.97496413561035
15929.622088842094,2027.4025531487878,0.05246405088606621,21.196972393499976
16029.722088843584,2025.9597498869098,0.05208358638429738,21.420680550510227
16129.822088841349,2024.5366370994284,0.051711165628404394,21.646038985346877
16229.922088842839,2023.1332041919795,0.051346591943497034,21.872996966617404
16330.02208884433,2021.7487313154763,0.050989682530175044,22.10149386185183
16430.122088842094,2020.3831935030007,0.0506402154771662,22.331478794278425
16530.222088843584,2019.035926428596,0.05029799418563774,22.562884478291156
16630.32208884135,2017.7065634502621,0.049962832121821295,22.79564387346313
16730.42208884284,2016.3948293677859,0.04963451949107953,23.029684085592663
16830.52208884433,2015.1002457637583,0.04931284854308803,23.264931464194497
16930.622088842094,2013.8223813220582,0.04899762683814283,23.50130979765132
17030.722088843584,2012.5608070292797,0.048688667956722775,23.73873724809365
17130.82208884135,2011.3149553429116,0.048385783421781584,23.97712530719335
17230.92208884284,2010.0844711819957,0.048088780316300386,24.216385173600415
17331.02208884433,2008.868964877072,0.047797462529915034,24.456428345663365
17431.122088842094,2007.6676470256857,0.04751164646890214,24.697160828357937
17531.222088843584,2006.4804309529075,0.04723115377922884,24.938486327012097
17631.32208884135,2005.3066831182373,0.046955808227634094,25.18030232684096
17731.42208884284,2004.146028647605,0.04668542767553997,25.42251296720646
17831.52208884433,2002.997968501653,0.0464198271271406,25.66501608902374
17931.622088842094,2001.8620735032516,0.046158855805708075,25.907712381560664
18031.722088843584,2000.7379904544237,0.04590236039561686,26.1504923018521
18131.82208884135,1999.625317444516,0.04565018566977603,26.393250803592014
18231.92208884284,1998.5233640292847,0.04540218094331167,26.63588190399455
18332.02208884433,1997.4294517420499,0.045158215863933794,26.878285012644547
18432.122088842094,1996.3323052908954,0.044917494427713624,27.121005839474012
18532.222088843584,1995.2409259230678,0.0446796594457924,27.364219458132993
18632.32208884135,1994.1552423689986,0.044444596057507585,27.60783940004807
18732.42208884284,1993.0746325279,0.044212208170333965,27.851772801353153
18832.52208884433,1991.9991737131925,0.043982371577312676,28.095930922047778
18932.622088842094,1990.9283438763177,0.04375501806403579,28.340217378665724
19032.722088843584,1989.8620362646946,0.04353007453752193,28.58454303221927
19132.82208884135,1988.8000028252495,0.0433074633625098,28.828813081898367
19232.92208884284,1987.7420584046051,0.043087238176414445,29.0729318109736
19333.02208884433,1986.688087463201,0.04286945614245069,29.316815191581828
19433.122088842094,1985.6376567962536,0.04265402962421671,29.560373805590114
19533.222088843584,1984.5909801214611,0.04244091663200923,29.803517284932692
19633.32208884135,1983.5476400448501,0.04223004342482484,30.046158564895162
19733.42208884284,1982.5076127337604,0.04202136692070726,30.288210456251228
19833.52208884433,1981.4707252029345,0.0418148336364367,30.52959965809713
19933.622088842094,1980.437009356289,0.041610393722470544,30.77024337509957
20000.0,1979.7532891100725,0.0414759658257522,30.929363974084897
20000.0,1979.7532891100725,0.0414759658257522,30.929363974084897
20000.00000004098,1979.7532889880013,0.04147596582567221,30.929363974164986
20000.00000043586,1979.7532895459915,0.04147596582487202,30.92936397518212
20000.000004399568,1979.7532901039756,0.04147596581687052,30.92936398474483
20000.000044036657,1979.7532880638323,0.041475965736854754,30.929364079451293
20000.000440407544,1979.7532860236468,0.04147596493669692,30.92936502873721
20000.00440413505,1979.7532249173612,0.041475956935039186,30.929374516765275
20000.044041372836,1979.7528605474342,0.04147587691953671,30.929469425607117
20000.44041377306,1979.7487669729064,0.041475076764044536,30.930418459290774
20004.404137771577,1979.70799671591,0.041467075906259906,30.939907901720474
20044.041377749294,1979.3003777922877,0.041387264993799876,31.034727847298747
20440.41377754882,1975.251047504173,0.04060624824899249,31.974299952321807
22102.872552689165,1958.868006932878,0.03764899323034888,35.67452109437686
23765.331327833235,1943.8087017370376,0.03518203139924424,38.86566726660972
25314.79663510993,1931.4061298658119,0.03330370341944611,41.34407898653113
26926.548790808767,1920.4081482052459,0.03174476035872202,43.43923511098306
28660.814806506038,1910.7055502226885,0.03045105481129048,45.21109405428415
30576.53860362619,1902.135467525233,0.029378261745788874,46.70817280251349
32466.489423085004,1895.3346195031486,0.028574917654888846,47.84813607473359
35090.08989986777,1888.1249146596972,0.027771639536515787,49.006732990316216
38132.12139335275,1882.3015090603485,0.027161990086185295,49.899429098923534
41692.74768034369,1877.8894413947637,0.026725085268957467,50.54648402924693
46146.732452552766,1874.5942813793065,0.02641335373521347,51.028817817872095
52693.59228940308,1871.9609493136911,0.026172799407771695,51.46322814145322
61130.24613953009,1870.1215842195807,0.02600949554881401,51.78619122043442
71464.9100928083,1868.4581658107604,0.02586535390341213,52.07920059094265
85114.91279549524,1866.1788928460305,0.025673371803698886,52.471494578187176
98764.9154981859,1863.9694010299922,0.02549341571895467,52.84269061335172
111437.9138793908,1861.78777474805,0.02532171510751341,53.198557068620964
124110.91226059943,1859.7419331871347,0.025166040896106513,53.524423050573496
136365.0215121433,1857.5508517629955,0.025005051583640872,53.86227812606905
148619.13076369092,1855.6139023444293,0.024867593023585596,54.15405463930206
159503.61394876242,1853.5504240391188,0.02472611946159377,54.45401788912795
170388.0971338302,1851.841693383926,0.02461281206783666,54.69746651833027
181326.1971275322,1849.7174847104832,0.024476612345091894,54.98937387249454
192264.29712123424,1848.0383528901223,0.024372623374919536,55.21521613190175
202133.20164355636,1846.0078672373595,0.024250947814881598,55.478161312423815
212002.1061658822,1844.4815873760285,0.024162460137293118,55.6721596024318
222175.54226403683,1842.3793992531778,0.024044505408091967,55.9297042932126
232348.97836218774,1840.8641192631374,0.02396229044393564,56.1114641497788
241461.99193303287,1838.8414812794229,0.02385596566062339,56.34497927146724
250575.005503878,1837.4778013566156,0.02378655708579711,56.499652651987006
260981.52758305892,1835.118732217995,0.023670354065354424,56.75684980235896
269151.9684705809,1834.0542214649618,0.023619638149929702,56.87045624315566
277322.4093581028,1832.1853393898775,0.02353275639348911,57.06426818665467
287158.3030660711,1830.6782423760976,0.02346487123777454,57.21743093738297
295335.7477679029,1828.72116915986,0.023379301658067165,57.409370436701685
303513.1924697384,1827.4916965916257,0.023327143754979705,57.527764853657686
313394.1250353381,1825.0976187505325,0.02322854430061147,57.7502163151121
320766.5133032203,1824.2155233957653,0.023193352090067784,57.83003811821171
328138.90157110617,1822.4092904531633,0.023122681971257757,57.99048111855585
337325.434447553,1821.0315099336153,0.023070323107671546,58.11030372084739
344698.34949089214,1819.1093023439018,0.022999105403809048,58.27251013742405
352071.2645342313,1818.0620904543935,0.022961305823845344,58.359253655596355
361077.1648620218,1815.7192365365117,0.022878939836542118,58.547682026848165
367771.0538676232,1815.0123617390848,0.022854821382468516,58.60260239675707
374464.9428732246,1813.2828141792666,0.02279661309326111,58.736519416619565
383190.6892183162,1812.026692517504,0.022755376187183086,58.83167686935813
390019.3178046718,1810.0978865446966,0.022693606637441757,58.97398155985685
396847.9463910237,1809.173182586396,0.02266469427530698,59.040775627812124
405234.9204725772,1806.8226111856006,0.02259277086120152,59.206933349728246
411300.5932822898,1806.3021606239838,0.0225773121163384,59.2416981554567
417366.26609199867,1804.659277494366,0.02252887803923621,59.354312982984304
425749.17984078825,1803.477308662021,0.022494852390118558,59.433155674305326
431794.3816066161,1801.6472824068167,0.02244312424954684,59.553373399289526
437839.5833724439,1800.8021269655178,0.022419761639281072,59.60772998333245
446501.4638236053,1798.4055831852834,0.022354764386160412,59.759457819357685
451868.7475196421,1797.9834171527907,0.022343667947507275,59.784262506774986
457236.0312156752,1796.5801762269475,0.022306793556016415,59.87078564642988
466392.7123725489,1795.1554517719683,0.02227018797501029,59.95639930151025
471782.45252582803,1793.5015654185004,0.022228354108990774,60.05441836549906
477172.19267910346,1792.6733620456678,0.022207840747201345,60.102552415809164
486538.7098819874,1790.1473610479347,0.02214634994506683,60.24722763260663
491277.37209718674,1789.8113702187534,0.022138450406274796,60.264719524939935
496016.03431238607,1788.6375972587437,0.02211066682669287,60.33043102632351
506488.91543930396,1786.8599236110322,0.02206942460664952,60.427446855100655
511320.3941889107,1785.3827580608977,0.022035735708299708,60.50706481863094
516151.8729385175,1784.5681595198917,0.022017478002996606,60.55012436720634
525181.9407539852,1782.319836549189,0.021967817462659703,60.667808669847496
530365.2869346514,1781.7617831369569,0.02195581133095315,60.69543006123376
535548.6331153177,1780.3390463572478,0.0219252126322347,60.76801861495398
543863.5953556634,1779.321585628863,0.021903765654272062,60.81747988800877
548439.2155932523,1777.5829099105176,0.021867441680225193,60.90326386752402
553014.8358308375,1776.925923414191,0.021853971742677735,60.93487235943712
561849.8365921676,1774.4947866001178,0.021804698507222893,61.051897634872816
566141.8110083751,1774.2489381242954,0.021799905951898547,61.062278500669755
570433.7854245827,1773.1641297166611,0.021778370032933658,61.113595337854996
580529.5123784952,1771.5537434632604,0.02174695776666349,61.1875023616949
584763.504723113,1770.0944936681433,0.021718822803686394,61.254439079037475
588997.4970677309,1769.3906499203088,0.021705470919912567,61.28600610183852
598164.6583349742,1767.087729060583,0.021662236783685236,61.38902244808748
602639.8127137423,1766.6727274067944,0.021654645435496552,61.406175259512956
607114.967092514,1765.4914375797568,0.021632958279672675,61.457992570701066
615205.5574427284,1764.2911119108987,0.021611252915307567,61.50886683186036
619854.8502738327,1762.67318767761,0.021582187575131497,61.5780642639534
624504.1431049407,1762.1088288453532,0.021572254836224613,61.60104416172181
631174.3603557721,1760.122552198039,0.02153742579781774,61.6841540963394
636112.9917775616,1759.9208077434978,0.021534048327677413,61.69133635116956
641051.6231993474,1758.1608780012446,0.02150370831506088,61.763580268817066
646619.7315372676,1757.8495595282182,0.021498528423165464,61.775062920742194
652187.8398751877,1755.4186427539173,0.021457526900687956,61.87191094276713
656836.6890279464,1755.7609792618296,0.021463422585187818,61.857856987336056
661485.5381807089,1753.8332613693028,0.021431374589138432,61.934003736830626
667183.2160669118,1753.7676791014912,0.02143047852354243,61.93552670224746
671733.0512490869,1751.6087073302144,0.02139521072159554,62.01896412759618
676282.8864312656,1751.5228820285486,0.021393953382492198,62.02125240884298
682067.2945452332,1749.262969961519,0.02135772862601976,62.10729924901015
686489.6455227733,1749.521972439913,0.021362012696023152,62.09688188374278
690911.9965003096,1747.825534601378,0.021335158316330417,62.16092550830765
696932.4220846184,1747.6479502556551,0.02133253207204974,62.16653207859872
701176.4634960555,1745.599262503274,0.021300652477496646,62.24218290817009
705420.5049074963,1745.4117115725198,0.02129788150815438,62.24791842851318
711582.7079715654,1743.1731954447544,0.021263687139247364,62.32933345529649
715726.6830329858,1743.412387998574,0.021267459699365155,62.32003581097687
719870.6580944061,1741.9645421817638,0.02124558542716668,62.372342695833254
726396.3560238741,1741.5773371054067,0.02123998019349051,62.38491830255175
730362.8598875701,1739.680578870487,0.021211788738087618,62.45202248572309
734329.3637512662,1739.3607758542378,0.02120718762403178,62.46201911801611
741330.0059958249,1737.0013800284355,0.021172709737686212,62.544206008186706
745057.7075954303,1737.2771979037448,0.02117685347422304,62.533993767266274
748785.4091950357,1736.1492681219665,0.02116054813959141,62.57303222147995
756408.0437712558,1735.3314643613155,0.021149001654648433,62.599313068767216
760141.310583435,1733.6929335237494,0.02112567887099033,62.6550540595415
763874.5773956142,1733.2585372065676,0.02111962473254975,62.66885023263214
771836.4414040893,1730.806172262115,0.021085334871026044,62.7506738534403
775222.9523905776,1731.0045054812267,0.02108820929708244,62.74333214411308
778609.463377066,1730.1147595916761,0.021075921628434757,62.772691623823754
787276.3781557716,1728.8754303067353,0.021059126049256433,62.811551450536705
790916.1495303549,1727.4824238700594,0.021040016677618564,62.8573353502781
794555.9209049381,1727.0099044334177,0.021033676796643065,62.87190100813865
801763.4113129117,1724.998600687386,0.021006597935962074,62.93651363682912
805710.4115099721,1724.975748251923,0.021006437087613607,62.936188569633934
809657.4117070325,1723.7248376672767,0.020989765968808704,62.97609885056399
815699.5397763178,1723.230481411878,0.020983369109724554,62.99032885670159
819961.6013052203,1721.367831557784,0.020958838080171623,63.0488447668433
824223.662834119,1721.3691788903006,0.02095899820359822,63.04779086948969
829227.7630354837,1719.3089551329076,0.02093217172228188,63.111636865285675
833693.6286380477,1719.763184010298,0.020938231943642943,63.09709938842632
838159.4942406155,1717.4440067841083,0.020908317305730187,63.167888607130614
842850.6010976955,1718.1856691269616,0.02091801526398387,63.14504036751155
847313.5821993276,1715.3371069702832,0.020881686170759223,63.230147479608426
851474.863423761,1716.3162437758701,0.020894285343760474,63.20060038520127
855774.0828409232,1713.911353008304,0.020863884363559102,63.272433315267655
860308.644122716,1714.6206129501077,0.020872991314416365,63.25093253890115
864815.0667262115,1711.8570852798969,0.020838399718780633,63.33204985454348
869052.2093321756,1712.8992670587775,0.020851567107516785,63.30126242205395
873289.0216307938,1710.375986458175,0.02082026433762284,63.37500885098009
877681.5081338361,1711.1326493460485,0.020829764486479465,63.35257230828786
882161.2846445963,1708.4536104449319,0.020796889883426744,63.42989998594365
886465.0370886065,1709.4926135845924,0.020809782832710233,63.399714952826365
890701.7780336179,1706.862791302286,0.020777746576662526,63.475044015201945
894987.9858537689,1707.6950483545136,0.02078802312211423,63.45083529495885
899427.9035295211,1705.0681911774311,0.020756313624651974,63.52539512998973
903772.2276213281,1706.1028636881347,0.020768924290352406,63.49591199571609
908026.8648394607,1703.3951394109972,0.020736561968113954,63.5718752676125
912267.8567865714,1704.3170974420061,0.020747723886601788,63.54562412638262
916619.7910226136,1701.6959232742315,0.020716662730516325,63.61873973659507
920949.5286121629,1702.7023812671914,0.020728708427385875,63.59051043551663
925237.0249058641,1699.9679893451998,0.02069660024041389,63.66586485518966
929463.8326763324,1700.9727548510107,0.020708522120881225,63.6379273634121
933768.9344698414,1698.3240683557324,0.02067764350165719,63.71047550060056
938071.5570845865,1699.3361323098534,0.020689586309446364,63.682518425004446
942364.1393462569,1696.5879338038596,0.02065780736408935,63.75702361799501
946578.4758068062,1697.6433386136412,0.020670141557693707,63.72812996243101
950851.1783340164,1694.9687884816378,0.020639454563670126,63.8002375041388
955120.2560777478,1696.0093491670868,0.020651514772040677,63.7719788100074
959404.8832721934,1693.2573834380098,0.020620197146528595,63.84543183133079
963613.7507828139,1694.3505690310158,0.02063277402079502,63.816008000807784
967867.7584011406,1691.6379834504119,0.020602117841297018,63.887914500128964
972103.8717887066,1692.7126122830907,0.020614403626446447,63.85917516023858
976371.5885108523,1689.9647596514167,0.020583535993935698,63.931473367832155
980583.668142166,1691.0866836519592,0.020596273177178083,63.90172967013671
984820.747848101,1688.3394115714937,0.020565677490726107,63.973444773771696
989029.6260396242,1689.44633090524,0.020578149794875628,63.94424193375613
993281.0394990034,1686.691610660097,0.02054766844066033,64.01570023542784
997482.867302034,1687.842883689601,0.020560527303344192,63.98564745530242
1001710.4473214447,1685.082614398915,0.020530186609192775,64.05672677278585
1005910.6541439965,1686.2224968701248,0.020542867340507347,64.02709540412768
1010150.5547164902,1683.4451316277487,0.02051253012465289,64.09808884597702
1014341.7498210706,1684.6169434348722,0.02052546426125084,64.06790315602801
1018572.312644098,1681.8327228762575,0.02049526873323467,64.13852495127576
1022763.2300428189,1683.004848960526,0.020508098195722906,64.10857523129705
1027010.3877965063,1680.2168773832168,0.02047812024269397,64.17875469921813
1031223.3158104531,1681.4174308355568,0.020491156438532623,64.14831175763858
1035450.8576059714,1678.5867675809848,0.020460909483614658,64.21905386024419
1039622.6328545511,1679.7995865298735,0.02047400775145467,64.18848966994321
1043849.7543780543,1677.0038290417106,0.02044431378538895,64.25794452179997
1048059.0961348601,1678.2144807377128,0.020457290159950927,64.22768774409174
1052302.6078143232,1675.3708617983907,0.020427269900702014,64.29779912036756
1056488.8508775234,1676.625907858723,0.020440664307562445,64.26661258967547
1060701.0015131086,1673.7853580553056,0.02041083244467917,64.33625558929388
1064874.4298257045,1675.0371017177142,0.020424116605583773,64.3053130405853
1069083.7646447122,1672.2074489823922,0.020394583803908774,64.37432890338694
1073269.8671650141,1673.455805172339,0.020407745585764882,64.34363849221076
1077500.4451603293,1670.6035451507728,0.020378142252864166,64.41278974739954
1081678.7633246407,1671.8921165088282,0.02039166250628089,64.38130014642111
1085889.1488912888,1669.0343694730414,0.02036215689430034,64.45016422982125
1090065.925453335,1670.3187360230695,0.020375547841319598,64.41899408067464
1094289.3531050757,1667.4498317022294,0.02034608468194603,64.48768993235161
1098461.6753919348,1668.7556444865045,0.020359639036701092,64.45617390371189
1102681.1019550972,1665.8868556030172,0.020330310004137785,64.5245351589411
1106858.581686709,1667.2006360910386,0.02034387579553585,64.49299261193521
1111081.4186663479,1664.3170008141526,0.02031457477393823,64.56131763286302
1115253.800749477,1665.6498628954773,0.020328265784708324,64.52944772172157
1119465.3747335933,1662.7599605511134,0.020299042543914795,64.59758876626285
1123628.8783124723,1664.0993195972267,0.02031271626710419,64.56578639137082
1127849.2660105377,1661.2105889926697,0.02028364308058028,64.63354026296167
1132019.4476374425,1662.566825052172,0.02029743169009494,64.60150209348642
1136236.135178119,1659.6693285108533,0.020268400292005263,64.66910404648526
1140412.0785713606,1661.0178139692296,0.02028205203930669,64.63739827738976
1144655.1374374628,1658.1056465652114,0.020253028946733136,64.70491138864263
1148838.6196985617,1659.490594738375,0.02026696199924873,64.67260030414582
1153070.2658301853,1656.5683122386204,0.02023802464256396,64.7399376481028
1157263.3132457286,1657.9486547532604,0.02025181234372741,64.70790854882956
1161506.144628469,1655.0018693347013,0.02022284894174508,64.77530704068823
1165695.937554136,1656.405051522584,0.02023677949890799,64.74297252835741
1169933.9334578402,1653.4734941101992,0.02020801108720579,64.8099147855111
1174131.837755859,1654.8779077495778,0.020221949555086986,64.77757545572156
1178372.150413219,1651.9227545098038,0.02019307016505029,64.84468992999548
1182558.764285054,1653.3458110371887,0.02020712853149979,64.81210591922195
1186796.0188055076,1650.4089131406017,0.02017853355315089,64.8785375732448
1191007.5956415795,1651.8214360323366,0.020192427857094564,64.8463478817937
1195269.2248716243,1648.8435222627295,0.020163554398750484,64.91335210080561
1199456.2480190657,1650.304249661342,0.020177867911571837,64.88021529342005
1203691.7543384433,1647.33913660423,0.020149342783830786,64.94644912887466
1207904.5227925442,1648.756600432241,0.020163139909867435,64.9144265083447
1212184.873337943,1645.7669267352692,0.020134334680489918,64.98133084900117
1216352.391657997,1647.284748490864,0.020149083905950924,64.94718729016309
1220565.8388508148,1644.344248264552,0.02012088570928734,65.0126793993119
1224777.368298173,1645.758128947811,0.02013459374747081,64.98090982637063
1229074.7193182707,1642.7870988712043,0.020106218787952927,65.04675517044089
1233306.6607670859,1644.3068481510684,0.020120871042375442,65.01289481115823
1237542.438226886,1641.306717701959,0.02009232413906063,65.07908034647232
1241758.3644106574,1642.7730340624016,0.020106413795186812,65.04651225564464
1246039.0125211887,1639.7817996711376,0.020078063286534838,65.11220921204063
1250260.6612380259,1641.296266860147,0.02009258214508138,65.07865459589861
1254513.3256096467,1638.2952182479203,0.020064226258400424,65.144395527104
1258724.952781152,1639.784572887955,0.02007843418479171,65.1115067635861
1263012.9273364916,1636.8022343932228,0.020050358742456618,65.17663792335534
1267253.6622304656,1638.316904337874,0.02006476734854,65.1433221907766
1271542.5286697038,1635.2882044066878,0.02003642033922682,65.20898013592426
1275775.0747656636,1636.7993816585567,0.020050684036673413,65.17602744871763
1280103.4668236747,1633.7982107545579,0.02002275082297429,65.24070950055102
1284398.020080112,1635.3307695169353,0.020037147628066514,65.20749920030158
1288725.1962500662,1632.253040784999,0.020008600584761317,65.27348707885905
1292978.0560632087,1633.8069342603028,0.02002317644712076,65.23988612632327
1297299.8322157562,1630.7792080184024,0.019995166174079843,65.30466612209788
1301588.4398067743,1632.3220885962317,0.020009584400215476,65.27142348229108
1305920.8816339746,1629.258710499558,0.01998134435047922,65.33675528337726
1310194.993986696,1630.8155152923457,0.019995860477558632,65.30324240039937
1314533.4359241873,1627.7690166252692,0.01996786120105516,65.36804601368583
1318827.1614883654,1629.298428752603,0.019982188205493186,65.3349482303804
1323193.983640708,1626.2391534186997,0.019953977258180353,65.40023510948744
1327466.4953745566,1627.8617750504707,0.01996906498059184,65.36547978912995
1331777.7055822983,1624.8186357156567,0.01994121564761594,65.42985146116634
1336083.9978480265,1626.3440823771975,0.0199553219681364,65.39733158298469
1340485.152414266,1623.2838419834595,0.019927387953291187,65.4618718142205
1344812.2005851679,1624.9099873707796,0.01994240881778775,65.42732299769473
1349154.9098142274,1621.8160882103384,0.019914195452678432,65.49244637674941
1353445.9805164374,1623.3923683482876,0.019928733140242242,65.45898328180037
1357831.1897514425,1620.357679072106,0.019901157231130038,65.52273816653883
1362182.4017156623,1621.9546436289845,0.01991582606468354,65.48892873051807
1366567.7358125038,1618.8461716815543,0.01988767982784287,65.55397065414728
1370880.7394670732,1620.4670808814512,0.019902532347385406,65.51976566583093
1375262.3290615305,1617.4269672043729,0.019875045677966423,65.5833055900979
1379638.4524096586,1619.018104996788,0.0198895901171492,65.54982639885323
1384051.495904822,1615.8953142178705,0.01986145283836711,65.61475541271386
1388385.8458009139,1617.5480630265786,0.019876500271244685,65.5801774312474
1392773.9265680052,1614.4934253664721,0.019848954610021407,65.64376828189478
1397148.0665364675,1616.0868064212568,0.019863481247652304,65.61036151083688
1401589.5674130134,1612.9845121969067,0.01983560182949319,65.67464933251844
1405958.903396923,1614.6314900378993,0.019850561360315162,65.64030279910737
1410394.9652512223,1611.532365597465,0.019822927955585934,65.70401339622805
1414805.5422429554,1613.137794690812,0.019837346210102996,65.67086492078937
1419315.2080981955,1610.0311419815173,0.019809764429227883,65.73451269941593
1423770.914472986,1611.699721898553,0.019824766624337742,65.70005038539185
1428241.561949931,1608.5243839362236,0.019796647402459438,65.76484681337917
1432651.1681104414,1610.1582703445793,0.01981129137905814,65.7312041625603
1437172.8121263534,1607.0557648837207,0.019783873576773466,65.79440781065276
1441654.0793906637,1608.725814953156,0.0197987800819335,65.76021922941361
1446163.5459689908,1605.5439356974048,0.019770720711959115,65.82479324771776
1450603.8072455935,1607.2101074769055,0.019785577029045275,65.79072452943886
1455136.151503224,1604.0970573962,0.019758144540205778,65.85387934918951
1459638.4256021604,1605.7609834232646,0.019772981647671405,65.81987534949175
1464179.004391268,1602.5819845191772,0.019745007227554214,65.88422723868041
1468647.5438814983,1604.2717577668873,0.019760035752744227,65.84977804073604
1473188.082616724,1601.1486701508322,0.019732569637698306,65.91305589339274
1477694.8944855593,1602.8144596104712,0.019747403739391555,65.87899030818039
1482253.1822135374,1599.6473754991846,0.01971964617118662,65.94292246168365
1486749.6561936066,1601.3320396474528,0.019734566819170095,65.90869398087722
1491330.074753303,1598.1941489116616,0.0197070748049451,65.97200941281129
1495856.4706267677,1599.8898007823457,0.019722096028873065,65.93757568506308
1500437.3763012327,1596.730892065328,0.019694469995401642,66.00114226769082
1504970.8089694232,1598.4202741530955,0.019709397974099617,65.9669409902894
1509576.6501771323,1595.2642105893722,0.019681838465812035,66.03031984352386
1514127.7935998477,1596.9682793811367,0.019696882235967765,65.99587763425345
1518739.769373469,1593.796847388676,0.01966917226953672,66.0595646888118
1523278.3972590677,1595.5118563547019,0.01968431730424397,66.02490696248951
1527893.9120987654,1592.3742458376018,0.019656993424382124,66.08774709370628
1532483.1492985897,1594.0567701806158,0.019671829617651206,66.05372742547928
1537136.0692308247,1590.8947999256457,0.01964425643566255,66.11721044577617
1541721.9442191347,1592.6212749729357,0.01965943710832993,66.0824183809655
1546372.2884783447,1589.4559629927467,0.01963200522742114,66.14552136448896
1550987.0836533532,1591.1326203503063,0.019646672715974294,66.1119081375648
1555719.5104083493,1587.9613767737403,0.01961933286529438,66.17474273110928
1560394.0756693818,1589.7016022609664,0.019634458127917975,66.14016797256244
1565115.735803891,1586.4774504195614,0.01960677410154803,66.20369051640301
1569791.1497506462,1588.191090942441,0.019621655258847213,66.16967523375898
1574550.8541867994,1584.9882106517798,0.019594158803656406,66.23275699285551
1579259.13563893,1586.723979894065,0.01960920926848952,66.19838957567192
1584025.8957824446,1583.4982479028347,0.019581553706183353,66.26179242230825
1588738.623075489,1585.2340875409122,0.019596613538420255,66.22740340592749
1593515.5363168307,1582.020370755003,0.019569081258950873,66.29058304033384
1598245.252857715,1583.754577537122,0.019584078734792575,66.25627200332879
1603042.8268572874,1580.5476210996478,0.01955665394987644,66.31925698966633
1607802.6497223042,1582.2805393029073,0.019571655339596362,66.28494046045112
1612616.8618122041,1579.0491401028642,0.019543994545983812,66.34843468715826
1617363.2343159206,1580.7981413701616,0.01955914023051128,66.31380651487854
1622185.4129666612,1577.601982454935,0.01953177998534241,66.37660284028833
1626971.0201033354,1579.3366921392414,0.019546772173493772,66.3423413393633
1631824.9933670498,1576.1177695716146,0.019519237525570544,66.40549228794552
1636619.2085731216,1577.8662896922262,0.019534364810653255,66.37093494817316
1641486.6583050191,1574.6548193526396,0.01950687255952615,66.43397121190655
1646297.8396737948,1576.4005476109523,0.01952200289143795,66.3994107968544
1651180.4577825181,1573.1987033222867,0.019494564289818606,66.4623512999088
1656013.3392042741,1574.9414029233844,0.019509673250016023,66.42781185006201
1660916.0806369632,1571.7383677595342,0.019482241153148422,66.49079295235401
1665766.5184988305,1573.4928179610977,0.0194974225381367,66.4560518667038
1670675.986859709,1570.293686826207,0.01947002538743798,66.51899523291026
1675541.8772874214,1572.0313255257793,0.01948508613405382,66.48452295721167
1680484.1436617635,1568.8316251418332,0.01945773000200516,66.54732935468515
1685380.560847517,1570.5785055914898,0.01947284127813487,66.51276353119022
1690345.291109953,1567.368394615583,0.01944533878976475,66.57589280552608
1695242.3312376104,1569.1160260640688,0.019460488483449365,66.54124348339
1700234.4102154896,1565.9098357967098,0.019433196605441905,66.60379718692879
1705189.9136645235,1567.6409173503891,0.019448009490660983,66.56997782862435
1710266.644384686,1564.409382992519,0.019420648717374304,66.63260695025907
1715279.0259973072,1566.188058501937,0.01943586545966478,66.59792508370518
1720346.324464947,1562.9117863406252,0.019408225212944337,66.66115765038137
1725365.3255995288,1564.6653178858285,0.019423160763619267,66.6270737105592
1730481.9895843528,1561.4202403161732,0.01939577214114345,66.6898203493793
1735545.4246694967,1563.1936022553332,0.019410914854614717,66.65523636304074
1740659.5463735946,1559.9210986126411,0.019383266412263324,66.71859178370384
1745714.879511442,1561.6849592535284,0.019398331800835642,66.68418968372328
1750859.192280557,1558.447553071169,0.01937097646150781,66.74686524128538
1755963.5028384738,1560.1947108279378,0.01938591858726082,66.71274387376064
1761151.2083781622,1556.9358965102529,0.01935833534094632,66.77592517375986
1766265.0214536563,1558.724531242288,0.019373648020896833,66.74099246784576
1771435.9096108675,1555.4804546149674,0.019346153028625964,66.80395740852734
1776572.6335500441,1557.2128766238554,0.019361020798080258,66.76999866333654
1781814.174333632,1553.9748809999405,0.019333529037394433,66.83295789615674
1786980.7710071914,1555.7648851311617,0.019348905655451578,66.79788970831815
1792195.5892913006,1552.514700393168,0.01932129583238028,66.86116530288845
1797359.5464852527,1554.2609176235155,0.019336259270965772,66.82695390238538
1802636.867421247,1551.050354534692,0.01930901392653285,66.88947232357503
1807865.9641897567,1552.8110801903417,0.019324144522706053,66.8548642941258
1813152.484794885,1549.5636164513078,0.019296526616190232,66.918240736941
1818374.4016702622,1551.326677493341,0.019311694574257333,66.88355483748687
1823682.4684307426,1548.1195027033043,0.019284357063203472,66.94630322594374
1828950.5496953316,1549.8643839110232,0.019299417954851024,66.91184747508842
1834292.8543350473,1546.6366797587764,0.019271842751833974,66.97513017896244
1839563.8419646695,1548.403658434819,0.019287105820099067,66.94023565843543
1844914.484838426,1545.2026798714408,0.019259727077978385,67.00306190413144
1850227.5860834494,1546.936316507402,0.019274724416153223,66.96875796400701
1855633.6579482518,1543.7245037282873,0.019247275639621655,67.03172112324387
1860983.6350725926,1545.4668823929273,0.01926230186619875,66.99737317271881
1866440.7360565737,1542.2295113483053,0.01923490362479488,67.06016060008466
1871856.816955369,1543.9827386737225,0.01924977171608159,67.02620714859582
1877380.124135062,1540.7356263331574,0.019222475119872663,67.0887488862452
1882883.7749045454,1542.4802655704236,0.019237309426500454,67.05485605753509
1888451.0092498846,1539.1501745519315,0.019209400591502005,67.1186993687797
1893936.9550311118,1540.9330411961712,0.019224502897905567,67.0842445954544
1899515.5838645808,1537.6740162729927,0.01919707368447278,67.14703560803697
1905073.5091186464,1539.4183816648078,0.01921187040889776,67.11326310816071
1910713.9272517487,1536.1288787768171,0.019184069527756812,67.17691554137451
1916268.6174702346,1537.9041841754533,0.01919931199653678,67.14209295877845
1921887.1475800201,1534.6415110184084,0.019171636004811667,67.20547446653755
1927468.9010263532,1536.3658242512063,0.019186402627613345,67.17172641656956
1933174.8643091545,1533.1266278040937,0.019158925580502535,67.23468558055897
1938827.8878753,1534.882050356071,0.019174049705243272,67.20007423803874
1944520.2356968112,1531.5599433003988,0.019146039874984488,67.26419742754625
1950146.4232398607,1533.2404275766141,0.019160753125055215,67.23033628585233
1955905.0907182135,1529.98167265338,0.01913326619331029,67.29332150906465
1961628.9756933749,1531.67365443656,0.019148123402766733,67.25914253307498
1967394.5189448148,1528.3497413829202,0.01911999237677295,67.32358250308819
1973079.9812984727,1530.0364073975727,0.019134858045938456,67.28937097943657
1978883.773447767,1526.7969490190749,0.01910738712607958,67.35231764805141
1984675.3489166573,1528.4394103424218,0.019121914458420278,67.31885043367205
1990559.57400861,1525.1131324402882,0.019093757692459568,67.383280414873
1996331.906242691,1526.8046990864318,0.019108927609130855,67.34830457411275
2002164.091645155,1523.5059310748477,0.019081003822329214,67.4121649599913
2007975.3611361645,1525.0896635513582,0.01909533855585835,67.37899401886179
2013923.186032094,1521.812808000134,0.019067538175288324,67.4426820306822
2019802.0625443757,1523.4569060610295,0.019082434158637616,67.40818385147222
2025723.661543183,1520.1019380707965,0.019054230159169763,67.47269491357564
2031598.1183798723,1521.67196183417,0.0190682624166844,67.44020312709408
2037712.444692906,1518.3778194911001,0.019040935377091568,67.50252133808459
2043820.1529324874,1520.0032497490363,0.0190553262156329,67.46932213623548
2049955.4171784967,1516.515127811801,0.019026476436702442,67.53496549051464
2055970.0753399096,1518.1714542208213,0.01904115830498369,67.50112456486976
2062117.5530991927,1514.8195226149244,0.01901339333732665,67.56431166870955
2068282.7059654407,1516.3998702075744,0.019027475497159455,67.53178581141687
2074526.090091616,1512.9527610533687,0.018998822101812165,67.59696951638338
2080649.9912803657,1514.6138601963494,0.019013671020333536,67.56273918187064
2086851.7049976215,1511.2481236924375,0.01898563240851167,67.62662599164223
2093063.7220574059,1512.8024592307827,0.018999594095463073,67.59424648466637
2099398.230856985,1509.4074002203388,0.018971277782542754,67.65883570325668
2105640.4248224273,1511.046282952152,0.018985989491735408,67.62479983391134
2111941.105935756,1507.6573901724503,0.01895763888015992,67.68946609955452
2118204.509671863,1509.227464503026,0.018971814665650233,67.65659342719125
2124603.7175666206,1505.876398628419,0.018943703824658653,67.72071534605794
2130953.4288667366,1507.4743542262677,0.018958179036901324,67.68717589687121
2137361.484112665,1504.0954675865314,0.01892966685341563,67.7522423574733
2143703.50294156,1505.663003339233,0.01894401374779839,67.71892723576435
2150173.0865731426,1502.3384318813619,0.01891585827580739,67.7831951256848
2156602.660348784,1503.9021101098456,0.01893020664252015,67.74987743828783
2163114.97718589,1500.541439732153,0.018901747931843658,67.81487805334727
2169562.4180436805,1502.0922770893644,0.01891599995031245,67.78167882371511
2176143.254703097,1498.7687863469648,0.01888777097298602,67.84626698841318
2182663.056771841,1500.3285188981336,0.018902120479229,67.8128474623772
2189279.0593260415,1496.9561331603143,0.018873700643468185,67.87770090437532
2195851.9116975702,1498.4683103632808,0.018887435405339836,67.84574142888096
2202660.9544746354,1495.0963420940218,0.018859462489935964,67.90930471713534
2209457.746433288,1496.6574613759756,0.018873515085967248,67.87673006865242
2216292.4932663143,1493.131426236441,0.018844302482272878,67.94299098404332
2223017.643995721,1494.7002450179,0.01885849707048076,67.91008080755344
2229891.0990466513,1491.2944577510314,0.018830212415688045,67.9742714036108
2236785.630142428,1492.846682853626,0.018843907603248156,67.9426700152816
2243799.539632812,1489.3384941894733,0.01881508631381447,68.00795866157783
2250741.6787386388,1490.8879789714426,0.018829272694882115,67.9749140647067
2257712.1592610963,1487.4097679510808,0.01880013310161206,68.0412585987439
2264603.418320384,1488.9255592575623,0.01881405753487357,68.00878188538456
2271668.794415403,1485.546361934504,0.018785697966018894,68.07334712630744
2278723.0889016315,1487.0357286172061,0.018799524135691664,68.0410326413611
2285850.0342221856,1483.5880436752643,0.018770394162321208,68.107378400053
2292879.09772633,1485.1089952501952,0.01878451425628423,68.07442685735387
2300035.2875308394,1481.7365539404905,0.018755937056177154,68.13953133517656
2307190.6368435286,1483.1948440351975,0.018769587472510053,68.10758047802607
2314465.0614428334,1479.78850569464,0.018740583904048435,68.17370847723905
2321645.7932861038,1481.3026127205706,0.018754835804769564,68.140357886833
2328882.9726428315,1477.9295757486277,0.01872599738364924,68.2062526727776
2336121.7118441574,1479.3451205837428,0.018739448327735816,68.17456644155568
2343532.1811635382,1476.0013980965,0.018710739325192446,68.24023073485586
2350883.1224077754,1477.4701516378052,0.018724750562232995,68.2072812471323
2358290.323990505,1474.0737703784569,0.018695704804630477,68.27360264689561
2365693.1408425495,1475.471967486533,0.01870879945068214,68.23708867158417
2374029.096643597,1471.4723280130322,0.018675553958152288,68.31224665592869
2381955.0382709615,1471.4723280130322,0.018675553958152288,68.31224665592869
2393679.82570995,1472.148856226399,0.018682164590773383,68.32370322295583
